trade_date,open,close,high,low,vol,amount,振幅,pct_chg,change,换手率
2024-07-02,357.2,359.4,366.4,355.4,27266647,10065077760.0,3.03,-0.88,-3.2,0.29
2024-07-03,357.0,369.6,371.0,357.0,22256951,8344723456.0,3.9,2.84,10.2,0.24
2024-07-04,377.0,372.6,377.0,368.8,15437093,5903308288.0,2.22,0.81,3.0,0.17
2024-07-05,375.0,370.0,375.8,369.0,10522095,4013583392.0,1.83,-0.7,-2.6,0.11
2024-07-08,372.0,368.8,373.4,365.8,11623215,4404429824.0,2.05,-0.32,-1.2,0.12
2024-07-09,367.2,371.2,372.4,366.2,13024401,4937581824.0,1.68,0.65,2.4,0.14
2024-07-10,375.4,367.8,376.0,367.0,15586645,5939592192.0,2.42,-0.92,-3.4,0.17
2024-07-11,369.6,375.0,376.2,368.4,16590064,6361566208.0,2.12,1.96,7.2,0.18
2024-07-12,381.0,387.2,387.4,379.4,27521352,10843285248.0,2.13,3.25,12.2,0.29
2024-07-15,383.4,380.4,387.2,378.8,13680185,5356488192.0,2.17,-1.76,-6.8,0.15
2024-07-16,376.2,368.2,377.6,368.0,19061149,7266853632.0,2.52,-3.21,-12.2,0.2
2024-07-17,365.2,362.0,367.6,358.6,25857823,9626459904.0,2.44,-1.68,-6.2,0.28
2024-07-18,358.2,359.4,361.8,357.2,18944747,7004246016.0,1.27,-0.72,-2.6,0.2
2024-07-19,356.8,354.2,358.6,353.2,23088518,8436931072.0,1.5,-1.45,-5.2,0.25
2024-07-22,357.4,363.4,366.0,355.6,16960926,6308844544.0,2.94,2.6,9.2,0.18
2024-07-23,365.2,356.4,366.6,356.2,12104461,4468644096.0,2.86,-1.93,-7.0,0.13
2024-07-24,356.0,353.4,359.8,350.8,11800216,4296613376.0,2.53,-0.84,-3.0,0.13
2024-07-25,350.4,341.4,351.8,341.2,25787277,9109434880.0,3.0,-3.4,-12.0,0.28
2024-07-26,343.0,344.6,348.6,342.6,13267324,4713926912.0,1.76,0.94,3.2,0.14
2024-07-29,350.0,348.4,352.2,344.0,12872249,4621511168.0,2.38,1.1,3.8,0.14
2024-07-30,345.6,343.8,347.8,342.6,9749595,3449679968.0,1.49,-1.32,-4.6,0.1
2024-07-31,342.4,352.4,357.0,341.2,20304313,7342932736.0,4.6,2.5,8.6,0.22
2024-08-01,354.0,355.8,358.8,353.8,12412285,4542267392.0,1.42,0.96,3.4,0.13
2024-08-02,351.0,348.4,355.6,346.4,17707597,6362989312.0,2.59,-2.08,-7.4,0.19
2024-08-05,342.2,346.8,354.4,339.2,22963458,8149878016.0,4.36,-0.46,-1.6,0.25
2024-08-06,350.8,344.6,353.6,339.6,17674374,6271399936.0,4.04,-0.63,-2.2,0.19
2024-08-07,345.4,353.6,355.6,345.4,15840290,5741644800.0,2.96,2.61,9.0,0.17
2024-08-08,351.4,358.4,364.6,349.6,18811540,6937668096.0,4.24,1.36,4.8,0.2
2024-08-09,361.6,360.2,366.2,358.6,16353916,6076519168.0,2.12,0.5,1.8,0.18
2024-08-12,362.2,365.2,366.8,360.2,10215275,3820531728.0,1.83,1.39,5.0,0.11
2024-08-13,366.2,368.8,370.8,365.8,13590391,5139849728.0,1.37,0.99,3.6,0.15
2024-08-14,368.8,364.0,369.6,359.6,18692686,6972998400.0,2.71,-1.3,-4.8,0.2
2024-08-15,356.4,358.6,365.0,354.4,21443850,7911688704.0,2.91,-1.48,-5.4,0.23
2024-08-16,362.2,362.8,365.4,359.0,16414338,6118049536.0,1.78,1.17,4.2,0.18
2024-08-19,367.8,362.8,367.8,361.4,15210162,5682955520.0,1.76,0.0,0.0,0.16
2024-08-20,363.0,360.6,364.0,359.2,11852608,4396264704.0,1.32,-0.61,-2.2,0.13
2024-08-21,357.6,361.8,364.0,355.4,11647083,4321314048.0,2.38,0.33,1.2,0.12
2024-08-22,365.0,368.0,368.0,361.4,16786859,6292362496.0,1.82,1.71,6.2,0.18
2024-08-23,367.2,365.8,368.8,363.8,13055635,4915768320.0,1.36,-0.6,-2.2,0.14
2024-08-26,368.2,372.2,375.0,367.8,16251125,6187193088.0,1.97,1.75,6.4,0.17
2024-08-27,368.2,372.0,372.8,367.4,13675535,5201725440.0,1.45,-0.05,-0.2,0.15
2024-08-28,373.2,364.4,373.2,362.6,14602521,5488468992.0,2.85,-2.04,-7.6,0.16
2024-08-29,360.2,367.8,368.2,359.2,12890430,4823697920.0,2.47,0.93,3.4,0.14
2024-08-30,367.8,372.2,375.8,367.0,30873303,11814702080.0,2.39,1.2,4.4,0.33
2024-09-02,370.2,368.0,373.4,366.6,13878671,5266962688.0,1.83,-1.13,-4.2,0.15
2024-09-03,368.2,368.4,371.6,365.0,9814885,3712928880.0,1.79,0.11,0.4,0.11
2024-09-04,364.4,363.0,366.8,361.4,13278870,4953267456.0,1.47,-1.47,-5.4,0.14
2024-09-05,360.6,363.6,366.8,360.6,9576319,3573609648.0,1.71,0.17,0.6,0.1
2024-09-09,360.2,361.4,361.4,355.4,20078164,7403940608.0,1.65,-0.61,-2.2,0.21
2024-09-10,359.4,358.8,360.8,356.2,12303441,4541788160.0,1.27,-0.72,-2.6,0.13
2024-09-11,356.8,360.4,360.8,355.2,12043623,4427792896.0,1.56,0.45,1.6,0.13
2024-09-12,361.2,362.8,367.2,359.8,13800366,5155819264.0,2.05,0.67,2.4,0.15
2024-09-13,363.0,365.0,367.0,363.0,11013765,4126159328.0,1.1,0.61,2.2,0.12
2024-09-16,362.8,368.0,368.0,360.6,7689238,2888661600.0,2.03,0.82,3.0,0.08
2024-09-17,362.2,370.2,371.6,362.2,10147851,3843832272.0,2.55,0.6,2.2,0.11
2024-09-19,369.8,379.0,380.0,366.8,25801963,9956352000.0,3.57,2.38,8.8,0.28
2024-09-20,380.2,378.8,383.6,374.0,28407069,11037803008.0,2.53,-0.05,-0.2,0.3
2024-09-23,378.2,377.8,382.2,375.4,15223032,5901921792.0,1.8,-0.26,-1.0,0.16
2024-09-24,383.2,392.4,392.4,379.6,42919010,17036649472.0,3.39,3.86,14.6,0.46
2024-09-25,408.2,395.6,408.2,391.6,40112126,16419449344.0,4.23,0.82,3.2,0.43
2024-09-26,398.2,420.2,420.2,397.0,50254878,21170861568.0,5.86,6.22,24.6,0.54
2024-09-27,433.4,428.0,435.0,422.8,57154793,25050353664.0,2.9,1.86,7.8,0.61
2024-09-30,439.8,434.8,447.6,424.4,75459468,33640909824.0,5.42,1.59,6.8,0.81
2024-10-02,440.2,460.2,469.8,439.4,48766943,22740694528.0,6.99,5.84,25.4,0.52
2024-10-03,461.2,456.4,466.8,443.4,31600782,14666391296.0,5.08,-0.83,-3.8,0.34
2024-10-04,460.2,467.8,469.2,452.4,24663665,11687744256.0,3.68,2.5,11.4,0.27
2024-10-07,470.0,468.6,472.6,459.8,25334387,12100493312.0,2.74,0.17,0.8,0.27
2024-10-08,462.2,428.8,467.0,428.8,70468024,31910928640.0,8.15,-8.49,-39.8,0.76
2024-10-09,439.2,424.4,443.2,414.2,46372903,20395255808.0,6.76,-1.03,-4.4,0.5
2024-10-10,428.2,429.0,438.8,426.6,33111230,14647696640.0,2.87,1.08,4.6,0.36
2024-10-14,431.0,426.2,431.0,414.2,30316807,13164335616.0,3.92,-0.65,-2.8,0.33
2024-10-15,424.0,407.2,424.0,402.8,33478410,14096594688.0,4.97,-4.46,-19.0,0.36
2024-10-16,405.2,406.0,416.0,402.8,22490256,9408091904.0,3.24,-0.29,-1.2,0.24
2024-10-17,408.2,402.8,417.0,400.2,16476899,6891360512.0,4.14,-0.79,-3.2,0.18
2024-10-18,402.8,421.0,425.8,401.6,25963857,11032073984.0,6.01,4.52,18.2,0.28
2024-10-21,420.8,411.2,421.6,409.4,16334100,6931274496.0,2.9,-2.33,-9.8,0.18
2024-10-22,413.4,411.8,413.8,408.2,11027704,4640118272.0,1.36,0.15,0.6,0.12
2024-10-23,413.2,418.4,422.4,406.8,14656951,6257381376.0,3.79,1.6,6.6,0.16
2024-10-24,415.2,412.2,415.8,409.8,11202752,4728256768.0,1.43,-1.48,-6.2,0.12
2024-10-25,417.8,411.2,417.8,408.8,11951879,5042478336.0,2.18,-0.24,-1.0,0.13
2024-10-28,411.2,407.4,412.4,403.8,15551935,6490536192.0,2.09,-0.92,-3.8,0.17
2024-10-29,409.6,408.6,413.6,405.4,13797786,5779088128.0,2.01,0.29,1.2,0.15
2024-10-30,403.8,401.2,408.2,400.8,17895482,7390928896.0,1.81,-1.81,-7.4,0.19
2024-10-31,400.6,394.8,409.0,394.8,22753709,9311202048.0,3.54,-1.6,-6.4,0.25
2024-11-01,396.2,409.4,412.6,396.2,21086569,8772957440.0,4.15,3.7,14.6,0.23
2024-11-04,413.2,409.2,414.0,406.2,11706119,4907800576.0,1.91,-0.05,-0.2,0.13
2024-11-05,405.4,418.0,418.0,405.4,15270863,6467649536.0,3.08,2.15,8.8,0.16
2024-11-06,415.2,410.0,416.4,403.4,20755203,8721758208.0,3.11,-1.91,-8.0,0.22
2024-11-07,407.2,418.6,419.8,404.6,19924018,8451854848.0,3.71,2.1,8.6,0.21
2024-11-08,425.2,411.0,426.2,409.6,19389836,8248754944.0,3.97,-1.82,-7.6,0.21
2024-11-11,402.2,403.4,405.8,399.6,22857586,9415370496.0,1.51,-1.85,-7.6,0.25
2024-11-12,399.6,394.0,404.0,393.2,27303282,11097703424.0,2.68,-2.33,-9.4,0.29
2024-11-13,387.4,394.0,397.4,386.2,28307185,11330712832.0,2.84,0.0,0.0,0.31
2024-11-14,391.8,393.6,405.2,388.0,34898922,14209879808.0,4.37,-0.1,-0.4,0.38
2024-11-15,394.2,391.2,397.2,389.2,29061324,11694318592.0,2.03,-0.61,-2.4,0.31
2024-11-18,395.4,394.4,403.6,391.8,20493537,8334918144.0,3.02,0.82,3.2,0.22
2024-11-19,396.8,396.4,399.2,393.6,13879296,5642160896.0,1.42,0.51,2.0,0.15
2024-11-20,398.4,401.0,404.0,396.4,15005135,6154781952.0,1.92,1.16,4.6,0.16
2024-11-21,399.6,397.8,401.6,397.2,12501718,5113866240.0,1.1,-0.8,-3.2,0.13
2024-11-22,399.0,390.8,402.6,389.8,16949546,6864777472.0,3.22,-1.76,-7.0,0.18
2024-11-25,390.2,385.4,392.6,384.0,27888308,11050846464.0,2.2,-1.38,-5.4,0.3
2024-11-26,382.4,384.0,389.4,382.4,16940574,6691211776.0,1.82,-0.36,-1.4,0.18
2024-11-27,384.8,393.0,396.4,382.2,16685594,6663311616.0,3.7,2.34,9.0,0.18
2024-11-28,391.6,390.2,394.4,387.6,13067643,5231565824.0,1.73,-0.71,-2.8,0.14
2024-11-29,385.2,388.2,393.0,385.2,15626995,6222578688.0,2.0,-0.51,-2.0,0.17
2024-12-02,388.2,390.0,391.8,385.8,13334410,5315344128.0,1.55,0.46,1.8,0.14
2024-12-03,393.4,394.6,394.6,384.6,18362569,7349822464.0,2.56,1.18,4.6,0.2
2024-12-04,392.4,393.4,395.8,390.0,14053234,5659584256.0,1.47,-0.3,-1.2,0.15
2024-12-05,393.6,395.4,396.8,391.0,13314801,5387437312.0,1.47,0.51,2.0,0.14
2024-12-06,397.0,402.8,404.8,395.2,27711445,11355635200.0,2.43,1.87,7.4,0.3
2024-12-09,396.4,409.0,411.4,396.4,22461949,9280106240.0,3.72,1.54,6.2,0.24
2024-12-10,420.2,401.4,421.2,400.6,30282843,12685586432.0,5.04,-1.86,-7.6,0.33
2024-12-11,405.0,400.0,405.2,397.4,13098201,5375397888.0,1.94,-0.35,-1.4,0.14
2024-12-12,404.2,405.8,413.0,399.4,23414258,9764008448.0,3.4,1.45,5.8,0.25
2024-12-13,403.2,400.0,405.2,398.8,16296064,6700157696.0,1.58,-1.43,-5.8,0.18
2024-12-16,400.2,395.8,401.6,394.0,14059845,5717887488.0,1.9,-1.05,-4.2,0.15
2024-12-17,392.2,392.8,398.2,392.0,16779048,6775381504.0,1.57,-0.76,-3.0,0.18
2024-12-18,398.2,396.2,399.0,394.2,14906072,6055022848.0,1.22,0.87,3.4,0.16
2024-12-19,392.4,405.4,412.2,391.6,34671236,14310455040.0,5.2,2.32,9.2,0.37
2024-12-20,404.4,416.6,420.0,404.4,44834041,19091460096.0,3.85,2.76,11.2,0.48
2024-12-23,420.8,410.4,421.2,406.4,20856154,8789976320.0,3.55,-1.49,-6.2,0.23
2024-12-24,411.2,410.2,411.8,407.8,7873769,3304033744.0,0.97,-0.05,-0.2,0.08
2024-12-27,407.8,407.6,411.2,405.8,13545082,5658808320.0,1.32,-0.63,-2.6,0.15
2024-12-30,408.2,409.2,412.0,406.0,13515622,5658833664.0,1.47,0.39,1.6,0.15
2024-12-31,407.4,407.2,411.6,406.0,10867280,4549301760.0,1.37,-0.49,-2.0,0.12
2025-01-02,407.2,406.2,415.2,403.8,20733037,8663880704.0,2.8,-0.25,-1.0,0.22
2025-01-03,408.2,404.4,409.2,400.6,16843241,6981756928.0,2.12,-0.44,-1.8,0.18
2025-01-06,405.2,399.6,405.2,397.4,16869318,6913961984.0,1.93,-1.19,-4.8,0.18
2025-01-07,370.8,369.8,383.0,366.8,142920468,54765124608.0,4.05,-7.46,-29.8,1.55
2025-01-08,361.4,359.4,370.0,355.8,95456188,35455056128.0,3.84,-2.81,-10.4,1.03
2025-01-09,355.2,363.6,369.6,355.2,60578450,22635953920.0,4.01,1.17,4.2,0.66
2025-01-10,363.8,359.8,369.6,359.8,37053933,13862840320.0,2.7,-1.05,-3.8,0.4
2025-01-13,355.0,356.2,361.8,355.0,34785015,12807672320.0,1.89,-1.0,-3.6,0.38
2025-01-14,355.8,365.2,369.8,355.8,40623785,15194363136.0,3.93,2.53,9.0,0.44
2025-01-15,363.6,370.2,375.6,363.2,29158255,11078584832.0,3.4,1.37,5.0,0.32
2025-01-16,374.2,372.6,376.8,366.8,26141103,9980555776.0,2.7,0.65,2.4,0.28
2025-01-17,371.2,370.0,372.4,368.6,17138321,6508060672.0,1.02,-0.7,-2.6,0.19
2025-01-20,370.4,380.0,383.0,370.4,31141403,12097853952.0,3.41,2.7,10.0,0.34
2025-01-21,382.2,377.6,382.4,376.6,25249668,9804257280.0,1.53,-0.63,-2.4,0.27
2025-01-22,375.2,373.6,378.8,371.2,17859069,6847451648.0,2.01,-1.06,-4.0,0.19
2025-01-23,373.2,371.4,376.2,369.8,21256810,8126061056.0,1.71,-0.59,-2.2,0.23
2025-01-24,373.4,380.8,382.6,372.4,24079119,9365231104.0,2.75,2.53,9.4,0.26
2025-01-27,378.2,385.8,388.2,378.2,23605938,9317465088.0,2.63,1.31,5.0,0.26
2025-01-28,391.2,391.4,396.2,389.2,14203491,5712247808.0,1.81,1.45,5.6,0.15
2025-02-03,390.2,394.4,395.0,384.4,27917841,11162153216.0,2.71,0.77,3.0,0.3
2025-02-04,399.4,411.0,411.4,397.2,31276268,13026602752.0,3.6,4.21,16.6,0.34
2025-02-05,411.8,408.0,411.8,400.2,32129392,13372038912.0,2.82,-0.73,-3.0,0.35
2025-02-06,406.4,410.6,410.6,403.6,19585105,8177045248.0,1.72,0.64,2.6,0.21
2025-02-07,410.6,418.4,422.6,408.0,34567530,14741790976.0,3.56,1.9,7.8,0.38
2025-02-10,419.8,427.2,430.0,419.0,31411302,13701174528.0,2.63,2.1,8.8,0.34
2025-02-11,430.2,417.6,431.4,415.8,30893563,13324637696.0,3.65,-2.25,-9.6,0.34
2025-02-12,419.2,434.4,434.8,416.2,38264929,16740640512.0,4.45,4.02,16.8,0.42
2025-02-13,439.2,432.2,454.8,427.2,60985718,27423907072.0,6.35,-0.51,-2.2,0.66
2025-02-14,440.0,465.0,465.0,436.8,74519223,34511558144.0,6.52,7.59,32.8,0.81
2025-02-17,496.2,483.8,502.2,475.2,126223580,63032650496.0,5.81,4.04,18.8,1.38
2025-02-18,484.4,493.7,503.2,484.0,62529454,31471019776.0,3.97,2.05,9.9,0.68
2025-02-19,490.2,488.0,490.7,483.4,34127174,16979621120.0,1.48,-1.15,-5.7,0.37
2025-02-20,481.4,477.0,483.2,472.8,34549151,16830027008.0,2.13,-2.25,-11.0,0.38
2025-02-21,495.2,507.2,507.2,489.6,73545153,37396803584.0,3.69,6.33,30.2,0.8
2025-02-24,512.2,487.4,512.2,487.4,67542767,34199696384.0,4.89,-3.9,-19.8,0.74
2025-02-25,468.0,475.0,481.2,466.6,56509529,27378431232.0,3.0,-2.54,-12.4,0.62
2025-02-26,478.2,491.7,498.2,478.0,40489654,20234072832.0,4.25,3.52,16.7,0.44
2025-02-27,493.7,485.6,502.2,481.8,38902820,19434077184.0,4.15,-1.24,-6.1,0.42
2025-02-28,483.0,468.8,488.0,466.2,52160819,25187448064.0,4.49,-3.46,-16.8,0.57
2025-03-03,473.8,473.4,487.2,470.0,32752021,15971446272.0,3.67,0.98,4.6,0.36
2025-03-04,469.2,481.2,483.2,463.4,31124964,15131838720.0,4.18,1.65,7.8,0.34
2025-03-05,492.2,495.7,499.2,488.2,35165757,17704409856.0,2.29,3.01,14.5,0.38
2025-03-06,511.2,534.2,534.2,511.2,79683892,42493519360.0,4.64,7.77,38.5,0.87
2025-03-07,529.2,523.7,537.2,519.2,46494425,24958094080.0,3.37,-1.97,-10.5,0.51
2025-03-10,518.2,506.7,527.7,502.2,34415026,17943129856.0,4.87,-3.25,-17.0,0.37
2025-03-11,491.7,507.7,510.2,490.7,33852768,17316782848.0,3.85,0.2,1.0,0.37
2025-03-12,513.2,502.2,515.2,495.2,28031056,14392005120.0,3.94,-1.08,-5.5,0.31
2025-03-13,503.2,497.7,506.2,489.4,27326941,13847803136.0,3.35,-0.9,-4.5,0.3
2025-03-14,503.2,511.7,521.2,497.7,30711707,16031719936.0,4.72,2.81,14.0,0.33
2025-03-17,522.2,514.7,524.7,512.2,22096160,11643059968.0,2.44,0.59,3.0,0.24
2025-03-18,528.7,531.2,533.7,523.7,33639833,18122094080.0,1.94,3.21,16.5,0.37
2025-03-19,532.7,530.2,535.2,524.2,31604153,17070297088.0,2.07,-0.19,-1.0,0.34
2025-03-20,530.7,509.7,531.2,508.2,49845030,26156573440.0,4.34,-3.87,-20.5,0.54
2025-03-21,508.2,501.7,516.2,495.7,42260479,21649092864.0,4.02,-1.57,-8.0,0.46
2025-03-24,504.2,503.2,507.7,494.7,24598555,12575591680.0,2.59,0.3,1.5,0.27
2025-03-25,503.2,492.2,505.7,491.2,27744935,14019727360.0,2.88,-2.19,-11.0,0.3
2025-03-26,492.2,496.7,500.7,492.2,17310634,8757798656.0,1.73,0.91,4.5,0.19
2025-03-27,499.2,499.2,506.2,492.2,17595617,8980372224.0,2.82,0.5,2.5,0.19
2025-03-28,501.7,499.7,506.7,493.7,18594342,9479836672.0,2.6,0.1,0.5,0.2
2025-03-31,495.2,487.2,497.7,484.8,28036973,13996724992.0,2.58,-2.5,-12.5,0.3
2025-04-01,491.2,494.2,501.7,490.2,19518013,9865122816.0,2.36,1.44,7.0,0.21
2025-04-02,495.2,494.2,499.2,489.4,14247546,7168421888.0,1.98,0.0,0.0,0.15
2025-04-03,483.2,488.0,490.7,481.4,29219618,14472384768.0,1.88,-1.25,-6.2,0.32
2025-04-07,432.0,425.6,452.6,421.2,123364114,54994755328.0,6.43,-12.79,-62.4,1.34
2025-04-08,431.0,430.6,441.4,420.2,65120104,28693494016.0,4.98,1.17,5.0,0.71
2025-04-09,416.2,431.4,437.2,409.2,66484213,28808415232.0,6.5,0.19,0.8,0.72
2025-04-10,450.2,435.0,451.8,433.2,57799983,26103188992.0,4.31,0.83,3.6,0.63
2025-04-11,430.2,433.6,442.8,422.2,46594597,20558649856.0,4.74,-0.32,-1.4,0.51
2025-04-14,443.2,444.2,449.4,439.0,30346489,13773742848.0,2.4,2.44,10.6,0.33
2025-04-15,454.8,446.2,454.8,441.8,20245398,9242295296.0,2.93,0.45,2.0,0.22
2025-04-16,440.8,438.2,441.8,430.4,27322773,12171376896.0,2.55,-1.79,-8.0,0.3
2025-04-17,440.6,448.2,452.2,440.0,24479822,11188898048.0,2.78,2.28,10.0,0.27
2025-04-22,450.2,450.6,453.0,443.4,24043746,11018599424.0,2.14,0.54,2.4,0.26
2025-04-23,466.2,464.4,469.6,461.6,27001392,12813463808.0,1.78,3.06,13.8,0.29
2025-04-24,467.2,461.2,468.0,455.2,18912016,8907706112.0,2.76,-0.69,-3.2,0.21
2025-04-25,470.2,468.4,476.0,465.2,28746958,13792345600.0,2.34,1.56,7.2,0.31
2025-04-28,472.6,468.4,472.6,465.0,13805160,6604528896.0,1.62,0.0,0.0,0.15
2025-04-29,468.0,463.2,468.6,459.2,16367401,7747651840.0,2.01,-1.11,-5.2,0.18
2025-04-30,465.2,467.4,467.4,459.6,15312733,7270748160.0,1.68,0.91,4.2,0.17
2025-05-02,468.4,478.0,480.0,467.6,13240838,6439557632.0,2.65,2.27,10.6,0.14
2025-05-06,481.8,485.6,487.0,475.4,19813305,9767609856.0,2.43,1.59,7.6,0.22
2025-05-07,499.2,480.0,499.7,479.8,25616342,12734545408.0,4.1,-1.15,-5.6,0.28
2025-05-08,477.2,488.2,492.2,476.8,19815740,9857527552.0,3.21,1.71,8.2,0.22
2025-05-09,490.2,484.8,493.7,482.2,13777285,6836991232.0,2.36,-0.7,-3.4,0.15
2025-05-12,494.2,507.7,511.7,489.2,35846811,18321323008.0,4.64,4.72,22.9,0.39
2025-05-13,510.2,496.2,510.2,495.7,23119901,11791025152.0,2.86,-2.27,-11.5,0.25
2025-05-14,502.2,511.2,511.2,500.7,24294663,12575314944.0,2.12,3.02,15.0,0.26
2025-05-15,521.7,510.2,522.2,505.2,32799956,17065523200.0,3.33,-0.2,-1.0,0.36
2025-05-16,504.2,502.7,511.7,501.2,21334027,10891135232.0,2.06,-1.47,-7.5,0.23
2025-05-19,502.7,508.7,511.7,497.2,22457714,11478846720.0,2.88,1.19,6.0,0.24
2025-05-20,507.2,511.7,512.2,506.2,15792185,8134553600.0,1.18,0.59,3.0,0.17
2025-05-21,513.7,515.2,519.2,510.2,18924042,9840860416.0,1.76,0.68,3.5,0.21
2025-05-22,514.7,511.2,514.7,507.7,14281176,7365728256.0,1.36,-0.78,-4.0,0.16
2025-05-23,511.7,512.7,515.2,506.7,16262610,8391879168.0,1.66,0.29,1.5,0.18
2025-05-26,509.7,504.7,511.7,502.7,17286567,8831775488.0,1.76,-1.56,-8.0,0.19
2025-05-27,503.2,506.7,509.2,501.7,14986877,7662280448.0,1.49,0.4,2.0,0.16
2025-05-28,507.7,500.7,509.7,497.2,16813826,8524415488.0,2.47,-1.18,-6.0,0.18
2025-05-29,502.7,505.2,506.7,498.2,19368449,9841396736.0,1.7,0.9,4.5,0.21
2025-05-30,500.7,492.9,501.2,490.7,28284004,14120265984.0,2.08,-2.43,-12.3,0.31
2025-06-02,487.7,493.1,493.9,484.3,13086586,6470361856.0,1.95,0.04,0.2,0.14
2025-06-03,498.7,499.7,500.2,495.7,14609189,7349685760.0,0.91,1.34,6.6,0.16
2025-06-04,504.7,506.7,507.7,501.7,18378499,9381794304.0,1.2,1.4,7.0,0.2
2025-06-05,512.2,509.7,512.2,503.7,19329282,9920484096.0,1.68,0.59,3.0,0.21
2025-06-06,510.2,509.7,511.2,505.7,13137101,6748560384.0,1.08,0.0,0.0,0.14
2025-06-09,514.7,512.7,515.7,507.2,18481403,9562039296.0,1.67,0.59,3.0,0.2
2025-06-10,514.2,508.2,514.7,503.2,17039003,8750221824.0,2.24,-0.88,-4.5,0.19
2025-06-11,511.7,512.7,512.7,509.2,14784979,7638610944.0,0.69,0.89,4.5,0.16
2025-06-12,512.7,504.7,512.7,502.7,13368048,6852634112.0,1.95,-1.56,-8.0,0.15
2025-06-13,505.2,504.7,510.2,500.7,19085310,9726477824.0,1.88,0.0,0.0,0.21
2025-06-16,501.7,504.2,506.7,499.2,13784320,7000122880.0,1.49,-0.1,-0.5,0.15
2025-06-17,508.7,508.2,508.7,501.2,11524031,5885938432.0,1.49,0.79,4.0,0.13
2025-06-18,504.7,502.7,505.7,498.2,15187515,7682822912.0,1.48,-1.08,-5.5,0.17
2025-06-19,497.7,492.7,500.7,490.7,19387767,9674346496.0,1.99,-1.99,-10.0,0.21
2025-06-20,499.2,500.2,500.2,490.7,20622275,10364144128.0,1.93,1.52,7.5,0.22
2025-06-23,492.9,498.7,498.7,489.3,14252887,7125785856.0,1.88,-0.3,-1.5,0.16
2025-06-24,502.7,504.2,505.7,498.7,17768858,9026969088.0,1.4,1.1,5.5,0.19
2025-06-25,506.7,507.2,509.7,502.7,17592461,8995907840.0,1.39,0.6,3.0,0.19
2025-06-26,506.7,507.7,507.7,502.2,15000643,7665271040.0,1.08,0.1,0.5,0.16
2025-06-27,506.7,507.7,509.2,504.7,15181667,7767266560.0,0.89,0.0,0.0,0.17
2025-06-30,503.7,497.7,506.2,497.7,18464531,9333594368.0,1.67,-1.97,-10.0,0.2
2025-07-02,502.7,496.2,503.2,494.7,18203168,9151284224.0,1.71,-0.3,-1.5,0.2
2025-07-03,494.7,495.7,498.2,488.5,18956331,9443903488.0,1.95,-0.1,-0.5,0.21
2025-07-04,487.7,491.5,496.2,487.7,14658173,7281073920.0,1.71,-0.85,-4.2,0.16
2025-07-07,489.9,496.7,496.7,488.7,11631687,5811563520.0,1.63,1.06,5.2,0.13
2025-07-08,499.7,499.2,499.7,494.7,13172857,6624679680.0,1.01,0.5,2.5,0.14
2025-07-09,498.7,492.3,498.7,489.7,17820435,8865465088.0,1.8,-1.38,-6.9,0.19
2025-07-10,492.3,491.3,494.3,488.9,14032556,6966268416.0,1.1,-0.2,-1.0,0.15
2025-07-11,491.7,491.3,499.7,491.3,19225560,9638599680.0,1.71,0.0,0.0,0.21
2025-07-14,491.7,494.7,496.2,490.7,11704663,5842438656.0,1.12,0.69,3.4,0.13
2025-07-15,497.2,512.2,512.7,494.7,27446891,13994302464.0,3.64,3.54,17.5,0.3
2025-07-16,514.7,511.2,520.7,510.7,23250693,12100620288.0,1.95,-0.2,-1.0,0.25
2025-07-17,514.2,511.7,514.2,505.7,13735794,7090524416.0,1.66,0.1,0.5,0.15
2025-07-18,519.7,513.7,519.7,511.2,13781113,7169387776.0,1.66,0.39,2.0,0.15
2025-07-21,517.2,516.2,517.2,509.2,13273287,6881569536.0,1.56,0.49,2.5,0.14
2025-07-22,516.2,520.7,520.7,513.7,17600260,9212230400.0,1.36,0.87,4.5,0.19
2025-07-23,524.7,546.7,546.7,521.7,46744850,25434771200.0,4.8,4.99,26.0,0.51
2025-07-24,548.2,551.7,554.7,542.7,24180342,13418168064.0,2.19,0.91,5.0,0.26
2025-07-25,546.7,545.2,549.7,540.7,19886923,10940833536.0,1.63,-1.18,-6.5,0.22
2025-07-28,545.2,550.2,552.7,541.2,14661199,8117934848.0,2.11,0.92,5.0,0.16
2025-07-29,546.2,549.7,551.2,540.7,16847424,9283870208.0,1.91,-0.09,-0.5,0.18
2025-07-30,544.7,543.7,550.7,537.2,19362555,10639648000.0,2.46,-1.09,-6.0,0.21
2025-07-31,541.7,544.7,553.7,539.7,20453269,11289881344.0,2.57,0.18,1.0,0.22
2025-08-01,546.2,529.7,549.2,528.2,21203861,11508370688.0,3.86,-2.75,-15.0,0.23
2025-08-04,530.7,544.7,546.2,527.7,17340007,9463004672.0,3.49,2.83,15.0,0.19
2025-08-05,549.2,553.7,553.7,543.7,17347823,9630857472.0,1.84,1.65,9.0,0.19
2025-08-06,554.7,563.2,564.7,552.7,20737133,11754214912.0,2.17,1.72,9.5,0.23
2025-08-07,565.7,561.7,566.7,555.2,16940382,9595241728.0,2.04,-0.27,-1.5,0.19
2025-08-08,561.7,555.7,563.2,552.2,13305719,7471482368.0,1.96,-1.07,-6.0,0.15
2025-08-11,555.7,555.7,557.2,548.2,11790350,6586953984.0,1.62,0.0,0.0,0.13
2025-08-12,552.2,554.2,559.2,550.7,13827897,7729499648.0,1.53,-0.27,-1.5,0.15
2025-08-13,562.7,580.7,580.7,560.7,37596415,21761779456.0,3.61,4.78,26.5,0.41
2025-08-14,594.7,584.7,594.7,583.7,36339315,21598286592.0,1.89,0.69,4.0,0.4
2025-08-15,581.7,586.7,591.2,579.2,22176876,13122452736.0,2.05,0.34,2.0,0.24
2025-08-18,588.7,581.7,590.7,581.7,17590658,10403063296.0,1.53,-0.85,-5.0,0.19
2025-08-19,582.7,587.2,591.7,577.7,16359474,9665673984.0,2.41,0.95,5.5,0.18
2025-08-20,583.7,585.2,589.2,580.2,15952765,9407128064.0,1.53,-0.34,-2.0,0.17
2025-08-21,585.2,587.7,591.7,584.2,14290178,8479961600.0,1.28,0.43,2.5,0.16
2025-08-22,593.7,594.7,601.2,590.2,19378950,11636897280.0,1.87,1.19,7.0,0.21
2025-08-25,603.2,609.2,615.7,602.7,25694519,15801902080.0,2.19,2.44,14.5,0.28
2025-08-26,606.7,604.2,612.7,604.2,20656474,12655281920.0,1.4,-0.82,-5.0,0.23
2025-08-27,607.7,593.7,609.2,589.7,21263402,12841741312.0,3.23,-1.74,-10.5,0.23
2025-08-28,589.7,588.7,593.7,584.7,21712370,12897917184.0,1.52,-0.84,-5.0,0.24
2025-08-29,590.2,591.2,599.7,588.7,18234935,10915508736.0,1.87,0.42,2.5,0.2
2025-09-01,599.7,599.7,604.7,596.2,15958837,9659266560.0,1.44,1.44,8.5,0.17
2025-09-02,600.2,595.2,603.2,593.7,14808157,8931988480.0,1.58,-0.75,-4.5,0.16
2025-09-03,601.2,593.2,607.7,590.7,15523985,9342307328.0,2.86,-0.34,-2.0,0.17
2025-09-04,599.7,587.2,599.7,585.7,18003934,10709235712.0,2.36,-1.01,-6.0,0.2
2025-09-05,594.2,600.2,603.7,590.2,19047729,11491491840.0,2.3,2.21,13.0,0.21
2025-09-08,600.2,612.2,613.7,599.7,21815489,13369899008.0,2.33,2.0,12.0,0.24
2025-09-09,614.7,621.7,622.7,612.2,19871460,12402857728.0,1.72,1.55,9.5,0.22
2025-09-10,624.7,628.2,633.7,622.7,19193376,12190312448.0,1.77,1.05,6.5,0.21
2025-09-11,627.7,624.2,627.7,618.7,18191860,11453335552.0,1.43,-0.64,-4.0,0.2
2025-09-12,639.7,638.2,643.7,636.7,20780375,13422728448.0,1.12,2.24,14.0,0.23
2025-09-15,640.7,638.2,643.2,632.2,16371242,10535685120.0,1.72,0.0,0.0,0.18
2025-09-16,641.7,639.7,644.2,635.2,13339685,8609542656.0,1.41,0.24,1.5,0.15
2025-09-17,641.2,656.2,658.2,639.7,22349048,14682542848.0,2.89,2.58,16.5,0.24
2025-09-18,656.7,636.7,659.2,630.2,29989898,19432788736.0,4.42,-2.97,-19.5,0.33
2025-09-19,641.7,637.2,641.7,632.7,20805608,13371043072.0,1.41,0.08,0.5,0.23
2025-09-22,636.7,635.7,638.2,628.7,12899662,8240895232.0,1.49,-0.24,-1.5,0.14
2025-09-23,636.2,630.2,638.2,621.7,15293080,9697688064.0,2.6,-0.87,-5.5,0.17
2025-09-24,628.2,643.2,645.7,622.7,18440788,11854753792.0,3.65,2.06,13.0,0.2
2025-09-25,645.7,644.7,653.7,638.2,17384258,11337641984.0,2.41,0.23,1.5,0.19
2025-09-26,639.7,638.7,647.7,634.7,19504951,12617897984.0,2.02,-0.93,-6.0,0.21
2025-09-29,644.2,654.7,659.2,642.2,20489556,13492727808.0,2.66,2.51,16.0,0.22
2025-09-30,652.7,657.7,661.2,652.2,20610633,13653530624.0,1.37,0.46,3.0,0.23
2025-10-02,662.2,671.2,677.7,660.2,17137745,11602077440.0,2.66,2.05,13.5,0.19
2025-10-03,671.7,668.2,674.7,664.7,7125093,4802401792.0,1.49,-0.45,-3.0,0.08
2025-10-06,669.7,672.2,677.2,664.7,7828323,5290177536.0,1.87,0.6,4.0,0.09
2025-10-08,674.7,669.7,674.7,664.2,10540730,7110636800.0,1.56,-0.37,-2.5,0.12
2025-10-09,669.7,670.2,675.7,660.2,14454705,9752967424.0,2.31,0.07,0.5,0.16
2025-10-10,663.7,646.2,663.7,642.2,19904705,13051085824.0,3.21,-3.58,-24.0,0.22
2025-10-13,624.7,633.7,643.2,617.2,38012175,24133784832.0,4.02,-1.93,-12.5,0.42
2025-10-14,637.2,615.7,638.7,611.7,26797863,16792282112.0,4.26,-2.84,-18.0,0.29
2025-10-15,619.2,621.7,627.7,615.2,18381023,11538283776.0,2.03,0.97,6.0,0.2
2025-10-16,620.7,614.7,623.7,610.2,14285465,8878516736.0,2.17,-1.13,-7.0,0.16
2025-10-17,613.2,602.7,615.2,597.2,18654519,11370789632.0,2.93,-1.95,-12.0,0.2
2025-10-20,618.7,622.2,627.2,616.2,14963360,9379379968.0,1.83,3.24,19.5,0.16
2025-10-21,637.7,625.2,638.7,624.7,14171988,9028696320.0,2.25,0.48,3.0,0.15
2025-10-22,620.7,618.2,623.7,611.2,9979448,6212763904.0,2.0,-1.12,-7.0,0.11
2025-10-23,614.7,627.7,630.7,612.7,12419348,7782734848.0,2.91,1.54,9.5,0.14
2025-10-24,633.7,632.2,636.2,628.2,11997034,7648872192.0,1.27,0.72,4.5,0.13
2025-10-27,643.7,650.7,650.7,640.7,16043970,10461682944.0,1.58,2.93,18.5,0.18
2025-10-28,650.7,639.7,650.7,635.7,16295470,10562802688.0,2.31,-1.69,-11.0,0.18
2025-10-30,651.7,645.7,658.7,639.7,21772780,14256261120.0,2.97,0.94,6.0,0.24
2025-10-31,646.2,623.7,649.7,623.7,20578283,13087941376.0,4.03,-3.41,-22.0,0.23
2025-11-03,625.2,622.7,628.7,617.2,11591004,7277219072.0,1.84,-0.16,-1.0,0.13
2025-11-04,625.7,623.7,634.7,620.2,14972125,9460748288.0,2.33,0.16,1.0,0.16
2025-11-05,615.7,623.7,626.7,607.7,13309811,8309972736.0,3.05,0.0,0.0,0.15
2025-11-06,624.2,638.7,640.2,624.2,13081287,8382246912.0,2.57,2.41,15.0,0.14
2025-11-07,632.7,628.7,637.7,623.2,13314360,8434344192.0,2.27,-1.57,-10.0,0.15
2025-11-10,635.7,644.2,645.7,635.7,14513815,9386838528.0,1.59,2.47,15.5,0.16
2025-11-11,656.7,644.7,656.7,635.7,13087772,8483781632.0,3.26,0.08,0.5,0.14
2025-11-12,649.7,651.7,653.2,646.7,13658568,8960743936.0,1.01,1.09,7.0,0.15
2025-11-13,644.2,650.7,654.7,639.7,17299913,11283368448.0,2.3,-0.15,-1.0,0.19
2025-11-14,639.7,635.7,653.7,634.7,19956444,12900520704.0,2.92,-2.31,-15.0,0.22
2025-11-17,634.7,631.2,637.2,627.7,13794477,8785917184.0,1.49,-0.71,-4.5,0.15
2025-11-18,622.7,618.2,635.7,615.2,18818609,11791388160.0,3.25,-2.06,-13.0,0.21
2025-11-19,622.2,617.2,626.2,614.2,13959708,8712756992.0,1.94,-0.16,-1.0,0.15
2025-11-20,621.2,615.7,625.2,610.2,14015988,8688329728.0,2.43,-0.24,-1.5,0.15
2025-11-21,604.7,604.7,609.7,600.7,23732050,14481878272.0,1.46,-1.79,-11.0,0.26
2025-11-24,609.7,619.2,622.2,608.2,22376801,13930485248.0,2.32,2.4,14.5,0.24
2025-11-25,627.7,619.7,629.7,615.2,14877620,9326512896.0,2.34,0.08,0.5,0.16
2025-11-26,623.2,614.2,624.7,612.7,14429595,8976231424.0,1.94,-0.89,-5.5,0.16
2025-11-27,612.7,606.2,615.2,603.7,15493209,9503092224.0,1.87,-1.3,-8.0,0.17
2025-11-28,606.2,606.2,611.7,603.2,13216245,8086903040.0,1.4,0.0,0.0,0.14
2025-12-01,608.2,614.2,617.7,607.7,12643338,7813043200.0,1.65,1.32,8.0,0.14
2025-12-02,620.2,611.7,620.7,609.7,11460186,7090479104.0,1.79,-0.41,-2.5,0.13
2025-12-03,610.7,605.7,610.7,603.2,11002158,6722780160.0,1.23,-0.98,-6.0,0.12
2025-12-04,604.7,606.7,607.7,599.7,15329748,9330280704.0,1.32,0.17,1.0,0.17
2025-12-05,599.7,604.7,605.7,598.7,14638391,8902501888.0,1.15,-0.33,-2.0,0.16
2025-12-08,602.2,599.7,604.2,598.7,13421327,8134380032.0,0.91,-0.83,-5.0,0.15
2025-12-09,604.2,597.2,604.7,590.7,17431321,10484819968.0,2.33,-0.42,-2.5,0.19
2025-12-10,596.7,597.7,597.7,589.7,14750743,8842611968.0,1.34,0.08,0.5,0.16
2025-12-11,603.7,596.2,606.7,593.7,12480887,7536004608.0,2.18,-0.25,-1.5,0.14
2025-12-12,602.7,610.7,610.7,596.2,17825495,10871536384.0,2.43,2.43,14.5,0.19
2025-12-15,600.7,597.7,603.2,596.7,15165502,9186457600.0,1.06,-2.13,-13.0,0.17
2025-12-16,597.2,591.2,597.7,586.7,15987678,9521250048.0,1.84,-1.09,-6.5,0.18
2025-12-17,591.7,599.7,600.7,589.2,14824785,8913471488.0,1.95,1.44,8.5,0.16
2025-12-18,595.7,599.7,600.7,593.7,10153604,6118191872.0,1.17,0.0,0.0,0.11
2025-12-19,604.7,608.7,612.2,601.7,17765762,10899320064.0,1.75,1.5,9.0,0.19
2025-12-22,614.7,609.2,616.2,604.7,13868060,8519904000.0,1.89,0.08,0.5,0.15
2025-12-23,608.2,596.7,609.2,596.2,15623392,9448325632.0,2.13,-2.05,-12.5,0.17
2025-12-24,592.7,597.7,599.2,592.7,7324553,4407029248.0,1.09,0.17,1.0,0.08
2025-12-29,600.7,591.2,605.7,590.7,18502650,11132678912.0,2.51,-1.09,-6.5,0.2
2025-12-30,593.2,594.7,595.7,588.7,13582535,8129374976.0,1.18,0.59,3.5,0.15
2025-12-31,592.2,593.7,597.2,590.7,10838209,6491607296.0,1.09,-0.17,-1.0,0.12
2026-01-02,595.2,617.7,619.2,595.2,16200058,10010377728.0,4.04,4.04,24.0,0.18
2026-01-05,618.7,619.2,622.7,610.2,19947025,12449753856.0,2.02,0.24,1.5,0.22
2026-01-06,621.7,627.2,633.2,620.7,24168431,15313854464.0,2.02,1.29,8.0,0.26
2026-01-07,622.2,619.2,624.2,609.7,21378622,13276699392.0,2.31,-1.28,-8.0,0.23
2026-01-08,613.2,610.7,615.7,604.7,18742539,11517454592.0,1.78,-1.37,-8.5,0.21
2026-01-09,610.7,605.7,611.7,604.7,17813669,10905861632.0,1.15,-0.82,-5.0,0.2
2026-01-12,610.7,617.7,622.2,608.2,27530129,17094929152.0,2.31,1.98,12.0,0.3
2026-01-13,631.7,622.2,633.7,617.2,24212695,15223559168.0,2.67,0.73,4.5,0.27
2026-01-14,628.7,627.7,633.2,620.7,28677291,18145947904.0,2.01,0.88,5.5,0.31
2026-01-15,625.7,616.7,627.2,613.2,26194252,16373184768.0,2.23,-1.75,-11.0,0.29
2026-01-16,621.7,612.2,624.7,608.2,20616793,12738149888.0,2.68,-0.73,-4.5,0.23
2026-01-19,608.2,604.7,609.2,603.2,13233330,8085158400.0,0.98,-1.23,-7.5,0.15
2026-01-20,595.7,595.7,601.7,592.7,24332228,14637834496.0,1.49,-1.49,-9.0,0.27
2026-01-21,592.7,597.2,600.7,592.7,16003431,9625116160.0,1.34,0.25,1.5,0.18
2026-01-22,599.2,592.2,600.2,590.7,27168713,16278457344.0,1.59,-0.84,-5.0,0.3
2026-01-23,592.2,589.7,596.7,589.7,19177660,11445681408.0,1.18,-0.42,-2.5,0.21
2026-01-26,589.7,594.2,599.7,588.7,17439619,10437731328.0,1.87,0.76,4.5,0.19
2026-01-27,594.7,601.7,605.2,593.2,23887447,14458720768.0,2.02,1.26,7.5,0.26
2026-01-28,607.7,615.7,617.7,605.2,25577066,15812292096.0,2.08,2.33,14.0,0.28
2026-01-29,609.2,616.7,619.7,607.2,22951530,14255212288.0,2.03,0.16,1.0,0.25
2026-01-30,609.7,600.7,614.2,600.2,21479886,13126677248.0,2.27,-2.59,-16.0,0.24
2026-02-02,592.7,593.2,599.2,585.2,27926332,16667624960.0,2.33,-1.25,-7.5,0.31
2026-02-03,593.2,575.7,596.2,555.7,65128647,37562016512.0,6.83,-2.95,-17.5,0.72
2026-02-04,566.7,552.7,569.2,552.7,60374834,34030535936.0,2.87,-4.0,-23.0,0.66
2026-02-05,544.7,553.2,556.2,535.7,79306977,43460897280.0,3.71,0.09,0.5,0.87
2026-02-06,540.7,542.2,552.2,537.7,35402860,19472346880.0,2.62,-1.99,-11.0,0.39
2026-02-09,544.7,554.7,557.2,544.7,26375723,14680204032.0,2.31,2.31,12.5,0.29
2026-02-10,557.7,545.7,560.7,541.7,29211865,16193933312.0,3.43,-1.62,-9.0,0.32
2026-02-11,537.7,542.7,545.2,537.7,23759058,12991880960.0,1.37,-0.55,-3.0,0.26
2026-02-12,531.7,530.2,535.7,525.2,39790780,21258224384.0,1.93,-2.3,-12.5,0.44
2026-02-13,520.2,526.7,529.2,519.7,26900740,14233832960.0,1.79,-0.66,-3.5,0.3
2026-02-16,524.7,527.7,529.7,522.2,7224483,3838968112.0,1.42,0.19,1.0,0.08
2026-02-20,526.2,516.7,527.7,512.7,21351884,11171863808.0,2.84,-2.08,-11.0,0.23
2026-02-23,523.7,532.7,537.7,522.7,22136687,11883268352.0,2.9,3.1,16.0,0.24
2026-02-24,529.2,514.7,529.2,510.7,36134943,18828896768.0,3.47,-3.38,-18.0,0.4
2026-02-25,517.2,517.2,523.7,516.7,22838866,11981117696.0,1.36,0.49,2.5,0.25
2026-02-26,523.7,506.7,524.2,506.7,25547825,13216109056.0,3.38,-2.03,-10.5,0.28
2026-02-27,505.2,512.7,525.2,505.2,32229030,16775665920.0,3.95,1.18,6.0,0.35
2026-03-02,506.2,508.7,514.7,501.7,30816358,15821425664.0,2.54,-0.78,-4.0,0.34
2026-03-03,512.7,505.2,520.2,505.2,27370602,14133901056.0,2.95,-0.69,-3.5,0.3
2026-03-04,500.7,500.7,509.7,493.5,32965198,16643463936.0,3.21,-0.89,-4.5,0.36
2026-03-05,504.2,496.7,510.2,496.2,23955443,12163766272.0,2.8,-0.8,-4.0,0.26
2026-03-06,498.7,513.7,516.7,496.7,30359878,15683394816.0,4.03,3.42,17.0,0.33
2026-03-09,497.2,510.7,512.2,497.2,31383491,16052535296.0,2.92,-0.58,-3.0,0.34
2026-03-10,519.7,548.2,550.7,519.7,57862244,31475868672.0,6.07,7.34,37.5,0.64
2026-03-11,572.7,546.7,572.7,542.7,47623240,26800185856.0,5.47,-0.27,-1.5,0.52
2026-03-12,545.2,541.2,551.7,536.2,19663840,10765396736.0,2.84,-1.01,-5.5,0.22
2026-03-13,541.2,542.2,553.2,537.7,17183958,9462012416.0,2.86,0.18,1.0,0.19
2026-03-16,545.7,553.2,560.2,538.2,24217363,13507363328.0,4.06,2.03,11.0,0.27
2026-03-17,557.7,544.7,560.7,543.7,22872974,12710928640.0,3.07,-1.54,-8.5,0.25
2026-03-18,541.2,545.2,546.7,537.2,21350876,11686255104.0,1.74,0.09,0.5,0.23
2026-03-19,522.7,507.7,524.2,506.7,59432770,30817089792.0,3.21,-6.88,-37.5,0.65
2026-03-20,499.7,502.7,513.7,499.7,24924662,12743704064.0,2.76,-0.98,-5.0,0.27
2026-03-23,492.5,493.1,500.7,489.9,35123702,17559958016.0,2.15,-1.91,-9.6,0.38
2026-03-24,502.7,508.7,514.7,494.7,29358876,14963361280.0,4.06,3.16,15.6,0.32
2026-03-25,513.7,500.2,516.2,496.7,37353909,19007548416.0,3.83,-1.67,-8.5,0.41
2026-03-26,495.7,490.3,502.2,489.7,22623215,11307241728.0,2.5,-1.98,-9.9,0.25
2026-03-27,485.9,488.1,492.9,482.3,20345920,10020206848.0,2.16,-0.45,-2.2,0.22
2026-03-30,479.7,476.3,480.5,470.7,28410968,13670376448.0,2.01,-2.42,-11.8,0.31
2026-03-31,479.1,478.7,486.7,474.7,25801397,12507937792.0,2.52,0.5,2.4,0.28
2026-04-01,498.7,491.3,498.7,487.7,21275055,10596437248.0,2.3,2.63,12.6,0.23
2026-04-02,490.7,483.9,490.7,479.7,17030828,8323962112.0,2.24,-1.51,-7.4,0.19
2026-04-08,499.2,502.7,504.7,495.7,32856156,16614494464.0,1.86,3.89,18.8,0.36
2026-04-09,501.2,503.2,509.2,497.7,20722763,10554284800.0,2.29,0.1,0.5,0.23
2026-04-10,502.7,499.2,508.7,495.7,20671874,10457128704.0,2.58,-0.79,-4.0,0.23
2026-04-13,493.1,484.7,497.7,482.5,21140848,10393383680.0,3.04,-2.9,-14.5,0.23
2026-04-14,492.1,487.9,492.1,480.9,17833779,8763884288.0,2.31,0.66,3.2,0.2
2026-04-15,494.7,493.7,504.7,492.1,20288791,10201937408.0,2.58,1.19,5.8,0.22
2026-04-16,501.2,511.7,511.7,498.7,22559081,11541632000.0,2.63,3.65,18.0,0.25
2026-04-17,506.7,505.2,511.7,500.7,13747249,7009728000.0,2.15,-1.27,-6.5,0.15
2026-04-20,504.2,517.2,521.2,499.2,23428202,12193689344.0,4.35,2.38,12.0,0.26
2026-04-21,517.7,513.7,520.2,510.2,13113816,6812361472.0,1.93,-0.68,-3.5,0.14
2026-04-22,508.2,498.7,509.2,496.7,23170931,11719281920.0,2.43,-2.92,-15.0,0.25
2026-04-23,494.7,489.9,496.7,489.9,23497267,11673754624.0,1.36,-1.76,-8.8,0.26
2026-04-24,481.7,488.1,489.7,481.7,18566187,9112153856.0,1.63,-0.37,-1.8,0.2
2026-04-27,484.7,473.3,485.7,472.7,45048027,21735615488.0,2.66,-3.03,-14.8,0.49
2026-04-28,470.7,468.5,476.3,466.7,25793090,12262359040.0,2.03,-1.01,-4.8,0.28
2026-04-29,469.3,473.9,475.3,469.3,19321018,9231869184.0,1.28,1.15,5.4,0.21
2026-04-30,468.7,462.5,469.5,457.9,38406905,17984606464.0,2.45,-2.41,-11.4,0.42
2026-05-04,464.5,467.7,473.5,464.5,23758824,11254449920.0,1.95,1.12,5.2,0.26
2026-05-05,463.7,466.9,467.1,460.3,13004679,6105172480.0,1.45,-0.17,-0.8,0.14
2026-05-06,465.3,457.7,468.1,454.9,44367227,20599413760.0,2.83,-1.97,-9.2,0.49
2026-05-07,466.9,472.1,475.7,466.9,40989511,19507507456.0,1.92,3.15,14.4,0.45
2026-05-08,469.7,466.1,470.3,463.1,25207039,11871680768.0,1.53,-1.27,-6.0,0.28
2026-05-11,459.7,459.1,465.9,458.3,27814648,12955479808.0,1.63,-1.5,-7.0,0.31
2026-05-12,456.7,451.9,463.7,451.9,32469707,14973394688.0,2.57,-1.57,-7.2,0.36
2026-05-13,450.7,457.3,460.5,448.7,26616535,12264446720.0,2.61,1.19,5.4,0.29
2026-05-14,468.9,454.9,474.3,453.3,39339032,18379271936.0,4.59,-0.52,-2.4,0.43
2026-05-15,459.0,456.4,462.6,454.2,26449868,12109673984.0,1.85,0.33,1.5,0.29
2026-05-18,455.0,449.2,457.8,445.8,29497076,13273742080.0,2.63,-1.58,-7.2,0.32
2026-05-19,449.2,460.0,468.8,448.6,33736701,15552380160.0,4.5,2.4,10.8,0.37
2026-05-20,460.0,455.2,463.4,453.6,18927606,8661843968.0,2.13,-1.04,-4.8,0.21
2026-05-21,460.0,439.0,460.0,438.4,39653795,17646360576.0,4.75,-3.56,-16.2,0.43
2026-05-22,442.2,441.4,445.0,438.8,23998219,10609807872.0,1.41,0.55,2.4,0.26
2026-05-26,438.0,439.0,441.0,432.0,32795639,14341134080.0,2.04,-0.54,-2.4,0.36
2026-05-27,435.8,434.4,442.6,433.6,24863984,10836172032.0,2.05,-1.05,-4.6,0.27
2026-05-28,431.0,425.0,432.8,420.4,42196103,17926587136.0,2.85,-2.16,-9.4,0.46
2026-05-29,428.2,427.2,438.4,423.6,48005475,20597452288.0,3.48,0.52,2.2,0.53
2026-06-01,432.4,436.0,442.0,430.0,35164391,15331009536.0,2.81,2.06,8.8,0.39
2026-06-02,438.0,481.6,484.8,437.4,101874275,47789124352.0,10.87,10.46,45.6,1.12
2026-06-03,484.0,466.4,484.0,461.6,49104320,22994821632.0,4.65,-3.16,-15.2,0.54
2026-06-04,462.6,459.0,468.6,454.8,29053909,13328580608.0,2.96,-1.59,-7.4,0.32
2026-06-05,461.6,453.2,466.2,452.2,31649780,14465428736.0,3.05,-1.26,-5.8,0.35
2026-06-08,447.8,446.4,458.2,443.2,29019096,13034478848.0,3.31,-1.5,-6.8,0.32
2026-06-09,443.8,453.2,468.4,443.2,37387399,17187726592.0,5.65,1.52,6.8,0.41
2026-06-10,454.8,465.6,471.0,451.6,35788237,16620288768.0,4.28,2.74,12.4,0.39
2026-06-11,469.8,457.2,475.6,455.0,28580619,13202410496.0,4.42,-1.8,-8.4,0.31
2026-06-12,466.0,463.6,467.0,459.4,22334646,10346698240.0,1.66,1.4,6.4,0.25
2026-06-15,475.0,459.6,476.8,457.8,19748938,9161148928.0,4.1,-0.86,-4.0,0.22
2026-06-16,462.6,447.4,462.6,445.4,24323142,10927700992.0,3.74,-2.65,-12.2,0.27
2026-06-17,445.6,445.4,454.0,445.4,16962334,7594397952.0,1.92,-0.45,-2.0,0.19
2026-06-18,440.0,440.2,446.2,435.6,30119117,13215631104.0,2.38,-1.17,-5.2,0.33
2026-06-22,439.0,433.0,439.0,428.4,31563111,13687873536.0,2.41,-1.64,-7.2,0.35
2026-06-23,430.0,414.8,432.4,413.6,43435789,18223375616.0,4.34,-4.2,-18.2,0.48
2026-06-24,414.0,428.8,439.8,412.6,39958288,17002715648.0,6.56,3.38,14.0,0.44
2026-06-25,428.6,421.4,428.6,418.0,29472428,12461262336.0,2.47,-1.73,-7.4,0.32
2026-06-26,418.0,411.8,421.2,411.0,31872909,13190958592.0,2.42,-2.28,-9.6,0.35
2026-06-29,417.0,421.2,432.0,415.0,23365460,9867330816.0,4.13,2.28,9.4,0.26
