日期,开盘,收盘,最高,最低,成交量,成交额,振幅,涨跌幅,涨跌额,换手率
2022-07-04,1818.74,1816.73,1823.02,1799.74,25076,5042804224.0,1.27,-0.6,-11.05,0.2
2022-07-05,1824.01,1831.74,1853.18,1808.73,26329,5345189888.0,2.45,0.83,15.01,0.21
2022-07-06,1830.73,1800.73,1837.73,1784.73,32752,6566374912.0,2.89,-1.69,-31.01,0.26
2022-07-07,1803.73,1788.73,1808.08,1783.74,20932,4179088240.0,1.35,-0.67,-12.0,0.17
2022-07-08,1803.73,1797.73,1813.62,1794.89,15644,3134903456.0,1.05,0.5,9.0,0.12
2022-07-11,1788.93,1762.33,1793.5,1749.23,23949,4709248256.0,2.46,-1.97,-35.4,0.19
2022-07-12,1763.73,1747.14,1771.53,1728.79,23447,4562731381.0,2.43,-0.86,-15.19,0.19
2022-07-13,1743.73,1757.62,1770.73,1739.4,19854,3893406034.0,1.79,0.6,10.48,0.16
2022-07-14,1758.73,1751.73,1775.53,1739.73,20527,4014985518.0,2.04,-0.34,-5.89,0.16
2022-07-15,1743.84,1748.23,1798.41,1743.24,33416,6588730699.0,3.15,-0.2,-3.5,0.27
2022-07-18,1751.09,1750.39,1757.73,1720.73,24221,4701936868.0,2.12,0.12,2.16,0.19
2022-07-19,1743.73,1741.83,1750.38,1724.73,21956,4250852886.0,1.47,-0.49,-8.56,0.17
2022-07-20,1757.48,1748.83,1768.73,1743.73,18705,3659970961.0,1.44,0.4,7.0,0.15
2022-07-21,1741.83,1737.73,1754.63,1733.24,14061,2735503093.0,1.22,-0.63,-11.1,0.11
2022-07-22,1747.95,1745.73,1760.73,1733.73,25114,4894378605.0,1.55,0.46,8.0,0.2
2022-07-25,1748.24,1743.38,1751.03,1729.73,16912,3285451347.0,1.22,-0.13,-2.35,0.13
2022-07-26,1751.72,1748.94,1763.7,1745.75,20685,4041100077.0,1.03,0.32,5.56,0.16
2022-07-27,1740.73,1718.33,1746.73,1715.73,21490,4149807166.0,1.77,-1.75,-30.61,0.17
2022-07-28,1719.83,1696.73,1736.73,1691.39,34870,6669448409.0,2.64,-1.26,-21.6,0.28
2022-07-29,1693.83,1697.17,1717.72,1676.83,37032,7028415881.0,2.41,0.03,0.44,0.29
2022-08-01,1688.74,1689.03,1706.73,1679.91,21037,3988198590.0,1.58,-0.48,-8.14,0.17
2022-08-02,1678.73,1678.71,1686.71,1656.74,28221,5284516568.0,1.77,-0.61,-10.32,0.22
2022-08-03,1688.72,1683.73,1702.73,1675.73,24598,4642442196.0,1.61,0.3,5.02,0.2
2022-08-04,1688.73,1714.74,1721.83,1678.86,30357,5797110733.0,2.55,1.84,31.01,0.24
2022-08-05,1726.53,1722.69,1733.73,1703.63,20086,3857406327.0,1.76,0.46,7.95,0.16
2022-08-08,1713.88,1710.26,1731.61,1706.24,16799,3220702892.0,1.47,-0.72,-12.43,0.13
2022-08-09,1710.26,1708.73,1717.72,1703.73,13875,2651800008.0,0.82,-0.09,-1.53,0.11
2022-08-10,1708.71,1674.73,1716.73,1663.31,27927,5259452686.0,3.13,-1.99,-34.0,0.22
2022-08-11,1684.73,1705.63,1705.73,1676.74,26061,4940834195.0,1.73,1.85,30.9,0.21
2022-08-12,1705.63,1726.73,1728.73,1698.73,20260,3882570566.0,1.76,1.24,21.1,0.16
2022-08-15,1719.19,1718.62,1738.23,1714.28,19323,3717178491.0,1.39,-0.47,-8.11,0.15
2022-08-16,1722.67,1716.57,1732.52,1714.73,14836,2854189586.0,1.04,-0.12,-2.05,0.12
2022-08-17,1728.73,1716.73,1728.73,1693.73,18361,3508295541.0,2.04,0.01,0.16,0.15
2022-08-18,1706.73,1694.23,1711.81,1679.8,23168,4384060205.0,1.86,-1.31,-22.5,0.18
2022-08-19,1696.73,1693.74,1707.08,1686.73,13544,2572000762.0,1.2,-0.03,-0.49,0.11
2022-08-22,1683.74,1692.71,1705.73,1680.11,15427,2925285473.0,1.51,-0.06,-1.03,0.12
2022-08-23,1697.33,1668.74,1697.33,1665.73,23756,4452538978.0,1.87,-1.42,-23.97,0.19
2022-08-24,1668.72,1652.93,1673.96,1649.73,18728,3486382969.0,1.45,-0.95,-15.81,0.15
2022-08-25,1657.73,1683.73,1686.73,1652.93,21925,4107597895.0,2.04,1.86,30.8,0.17
2022-08-26,1698.73,1696.73,1710.73,1684.73,23142,4397161135.0,1.54,0.77,13.0,0.18
2022-08-29,1681.73,1677.55,1698.7,1672.73,13570,2555981192.0,1.53,-1.13,-19.18,0.11
2022-08-30,1681.08,1668.73,1683.73,1652.93,18235,3400091358.0,1.84,-0.53,-8.82,0.15
2022-08-31,1658.83,1722.73,1724.29,1658.74,44692,8518225337.0,3.93,3.24,54.0,0.36
2022-09-01,1710.88,1679.62,1714.73,1679.62,26845,5088658955.0,2.04,-2.5,-43.11,0.21
2022-09-02,1688.67,1673.73,1691.69,1664.9,19391,3635162804.0,1.6,-0.35,-5.89,0.15
2022-09-05,1661.37,1633.73,1667.73,1618.73,36822,6764549173.0,2.93,-2.39,-40.0,0.29
2022-09-06,1634.09,1643.73,1646.93,1623.73,20830,3832086313.0,1.42,0.61,10.0,0.17
2022-09-07,1633.76,1616.74,1636.39,1609.74,28306,5151537330.0,1.62,-1.64,-26.99,0.23
2022-09-08,1618.73,1613.73,1630.73,1613.73,16591,3026766448.0,1.05,-0.19,-3.01,0.13
2022-09-09,1623.73,1643.52,1650.73,1614.73,27090,4991679523.0,2.23,1.85,29.79,0.22
2022-09-13,1678.73,1677.73,1687.11,1656.96,28693,5387987148.0,1.83,2.08,34.21,0.23
2022-09-14,1662.74,1667.73,1678.73,1661.73,16042,3002693247.0,1.01,-0.6,-10.0,0.13
2022-09-15,1668.73,1678.73,1691.85,1668.69,20810,3917954256.0,1.39,0.66,11.0,0.17
2022-09-16,1670.53,1657.73,1684.33,1653.84,24121,4501527357.0,1.82,-1.25,-21.0,0.19
2022-09-19,1653.73,1670.37,1687.32,1651.61,18584,3479680771.0,2.15,0.76,12.64,0.15
2022-09-20,1668.71,1676.73,1683.33,1657.28,14116,2645281859.0,1.56,0.38,6.36,0.11
2022-09-21,1675.4,1646.73,1681.73,1646.73,20995,3904096421.0,2.09,-1.79,-30.0,0.17
2022-09-22,1638.73,1619.54,1639.75,1615.58,22704,4147900996.0,1.47,-1.65,-27.19,0.18
2022-09-23,1619.54,1633.16,1653.73,1619.54,28288,5191904760.0,2.11,0.84,13.62,0.23
2022-09-26,1618.73,1661.73,1686.73,1618.71,35135,6566771227.0,4.16,1.75,28.57,0.28
2022-09-27,1667.59,1686.73,1695.73,1649.84,28820,5422668135.0,2.76,1.5,25.0,0.23
2022-09-28,1679.23,1681.73,1698.13,1672.74,21446,4042506330.0,1.51,-0.3,-5.0,0.17
2022-09-29,1696.71,1679.08,1700.91,1669.86,21590,4075515187.0,1.85,-0.16,-2.65,0.17
2022-09-30,1697.35,1671.23,1700.72,1664.73,21289,4000917951.0,2.14,-0.47,-7.85,0.17
2022-10-10,1688.73,1584.73,1689.73,1578.93,48584,8865386496.0,6.63,-5.18,-86.5,0.39
2022-10-11,1587.73,1578.72,1604.73,1558.73,32047,5712249507.0,2.9,-0.38,-6.01,0.26
2022-10-12,1572.39,1558.73,1577.73,1506.73,48195,8372252823.0,4.5,-1.27,-19.99,0.38
2022-10-13,1519.19,1498.72,1533.73,1495.73,63969,10919727537.0,2.44,-3.85,-60.01,0.51
2022-10-14,1508.73,1536.34,1553.73,1500.67,46520,8045032623.0,3.54,2.51,37.62,0.37
2022-10-17,1524.73,1517.23,1526.72,1496.53,33550,5740146639.0,1.97,-1.24,-19.11,0.27
2022-10-18,1523.73,1504.56,1528.73,1499.73,28083,4800689502.0,1.91,-0.84,-12.67,0.22
2022-10-19,1500.71,1446.73,1500.71,1446.73,60121,9997656284.0,3.59,-3.84,-57.83,0.48
2022-10-20,1419.73,1442.23,1467.16,1409.73,42778,7020555512.0,3.97,-0.31,-4.5,0.34
2022-10-21,1438.73,1422.73,1446.53,1408.73,38907,6317945876.0,2.62,-1.35,-19.5,0.31
2022-10-24,1368.73,1300.01,1387.73,1286.74,132098,20217576174.0,7.1,-8.63,-122.72,1.05
2022-10-25,1278.15,1278.48,1313.73,1270.73,81362,12136909034.0,3.31,-1.66,-21.53,0.65
2022-10-26,1287.53,1262.81,1313.72,1258.73,81781,12120993864.0,4.3,-1.23,-15.67,0.65
2022-10-27,1278.73,1199.73,1286.71,1182.58,107106,15258551283.0,8.25,-5.0,-63.08,0.85
2022-10-28,1189.5,1158.73,1204.73,1157.44,93143,12823821843.0,3.94,-3.42,-41.0,0.74
2022-10-31,1148.73,1148.73,1180.74,1131.73,71847,9758303071.0,4.23,-0.86,-10.0,0.57
2022-11-01,1157.73,1260.74,1268.13,1157.73,118766,16859775304.0,9.61,9.75,112.01,0.95
2022-11-02,1258.73,1270.69,1304.73,1234.73,79777,11717204099.0,5.55,0.79,9.95,0.64
2022-11-03,1242.3,1238.23,1261.23,1226.83,45160,6509550787.0,2.71,-2.55,-32.46,0.36
2022-11-04,1236.69,1315.3,1326.5,1236.69,80008,11996968945.0,7.25,6.22,77.07,0.64
2022-11-07,1292.78,1305.84,1317.21,1285.32,42698,6414049133.0,2.42,-0.72,-9.46,0.34
2022-11-08,1306.73,1283.61,1316.72,1267.69,39325,5842320995.0,3.75,-1.7,-22.23,0.31
2022-11-09,1282.68,1258.63,1287.61,1248.73,36090,5276777530.0,3.03,-1.95,-24.98,0.29
2022-11-10,1242.73,1273.73,1283.73,1233.88,37720,5518325849.0,3.96,1.2,15.1,0.3
2022-11-11,1326.73,1326.88,1343.18,1293.71,73947,11252112275.0,3.88,4.17,53.15,0.59
2022-11-14,1342.23,1331.73,1362.26,1326.73,57370,8858049581.0,2.68,0.37,4.85,0.46
2022-11-15,1330.73,1386.73,1397.7,1319.73,56318,8858377894.0,5.85,4.13,55.0,0.45
2022-11-16,1379.73,1383.98,1396.73,1366.73,26848,4250886805.0,2.16,-0.2,-2.75,0.21
2022-11-17,1389.23,1365.73,1395.03,1351.61,30580,4793001162.0,3.14,-1.32,-18.25,0.24
2022-11-18,1374.73,1365.86,1382.73,1354.73,23609,3703793426.0,2.05,0.01,0.13,0.19
2022-11-21,1340.08,1318.71,1340.08,1297.26,39096,5917086070.0,3.14,-3.45,-47.15,0.31
2022-11-22,1316.17,1338.68,1358.47,1314.84,29901,4582790131.0,3.31,1.51,19.97,0.24
2022-11-23,1326.73,1347.73,1355.73,1319.77,22177,3428793052.0,2.69,0.68,9.05,0.18
2022-11-24,1357.73,1318.72,1367.61,1312.71,27687,4241974248.0,4.07,-2.15,-29.01,0.22
2022-11-25,1319.24,1320.74,1330.73,1308.73,18621,2833988373.0,1.67,0.15,2.02,0.15
2022-11-28,1283.51,1308.61,1313.73,1249.73,47723,7040991068.0,4.85,-0.92,-12.13,0.38
2022-11-29,1368.29,1397.73,1398.73,1349.73,73420,11587859176.0,3.74,6.81,89.12,0.58
2022-11-30,1385.85,1397.73,1402.73,1383.73,31497,5019450678.0,1.36,0.0,0.0,0.25
2022-12-01,1458.73,1429.53,1478.73,1429.52,51358,8480772923.0,3.52,2.28,31.8,0.41
2022-12-02,1433.73,1432.61,1451.72,1419.93,23884,3910860618.0,2.22,0.22,3.08,0.19
2022-12-05,1466.73,1463.63,1477.73,1447.73,36127,6018521304.0,2.09,2.17,31.02,0.29
2022-12-06,1453.73,1486.73,1525.63,1450.73,44147,7477917194.0,5.12,1.58,23.1,0.35
2022-12-07,1476.54,1482.73,1518.73,1468.76,35526,6012253045.0,3.36,-0.27,-4.0,0.28
2022-12-08,1480.73,1485.75,1493.73,1463.73,19730,3323420877.0,2.02,0.2,3.02,0.16
2022-12-09,1490.73,1528.73,1528.73,1480.73,39215,6716944493.0,3.23,2.89,42.98,0.31
2022-12-12,1514.59,1537.75,1564.73,1513.73,34755,6063957619.0,3.34,0.59,9.02,0.28
2022-12-13,1535.73,1548.73,1559.42,1528.73,21385,3735089152.0,2.0,0.71,10.98,0.17
2022-12-14,1541.73,1569.6,1579.53,1541.73,29098,5141262368.0,2.44,1.35,20.87,0.23
2022-12-15,1603.73,1585.72,1614.73,1578.73,30634,5497063390.0,2.29,1.03,16.12,0.24
2022-12-16,1571.98,1585.6,1589.73,1541.73,33303,5901587128.0,3.03,-0.01,-0.12,0.27
2022-12-19,1597.53,1571.73,1597.53,1558.9,24987,4447236356.0,2.44,-0.87,-13.87,0.2
2022-12-20,1564.06,1513.73,1564.06,1481.18,46198,7944120661.0,5.27,-3.69,-58.0,0.37
2022-12-21,1522.73,1537.73,1537.73,1516.38,22816,3948926227.0,1.41,1.59,24.0,0.18
2022-12-22,1555.43,1566.73,1581.73,1543.73,23175,4093861570.0,2.47,1.89,29.0,0.18
2022-12-23,1551.13,1569.73,1580.73,1543.73,17319,3063608409.0,2.36,0.19,3.0,0.14
2022-12-26,1569.73,1540.79,1569.73,1533.75,21384,3749121030.0,2.29,-1.84,-28.94,0.17
2022-12-27,1558.64,1553.64,1567.79,1546.14,17905,3109270166.0,1.41,0.83,12.85,0.14
2022-12-28,1566.52,1553.64,1567.64,1528.65,21438,3699948995.0,2.51,0.0,0.0,0.17
2022-12-29,1537.64,1539.64,1547.63,1521.69,22418,3844499655.0,1.67,-0.9,-14.0,0.18
2022-12-30,1556.64,1547.64,1573.63,1547.64,25333,4409544297.0,1.69,0.52,8.0,0.2
2023-01-03,1551.84,1550.65,1559.07,1526.65,26034,4487760231.0,2.09,0.19,3.01,0.21
2023-01-04,1550.64,1545.65,1559.34,1536.64,20416,3523582306.0,1.46,-0.32,-5.0,0.16
2023-01-05,1557.64,1621.64,1621.64,1553.64,47943,8541587089.0,4.4,4.92,75.99,0.38
2023-01-06,1626.76,1624.41,1632.54,1607.64,24904,4480838898.0,1.54,0.17,2.77,0.2
2023-01-09,1655.64,1661.84,1670.62,1628.46,30977,5684181147.0,2.6,2.3,37.43,0.25
2023-01-10,1659.7,1675.09,1685.14,1651.14,22732,4204783734.0,2.05,0.8,13.25,0.18
2023-01-11,1676.64,1665.59,1680.64,1657.48,22720,4201487773.0,1.38,-0.57,-9.5,0.18
2023-01-12,1668.64,1654.64,1676.64,1653.64,17193,3162637136.0,1.38,-0.66,-10.95,0.14
2023-01-13,1664.82,1707.64,1708.64,1660.64,31940,5969876222.0,2.9,3.2,53.0,0.25
2023-01-16,1706.64,1733.54,1755.64,1701.64,36848,7059982640.0,3.16,1.52,25.9,0.29
2023-01-17,1733.8,1728.64,1743.64,1715.64,21299,4068321409.0,1.62,-0.28,-4.9,0.17
2023-01-18,1734.64,1713.64,1745.94,1710.64,21063,4008665438.0,2.04,-0.87,-15.0,0.17
2023-01-19,1713.14,1700.85,1713.16,1686.64,23439,4401994437.0,1.55,-0.75,-12.79,0.19
2023-01-20,1709.83,1680.65,1718.89,1678.64,25609,4807356071.0,2.37,-1.19,-20.2,0.2
2023-01-30,1729.64,1708.64,1729.64,1700.64,35923,6799756571.0,1.73,1.67,27.99,0.29
2023-01-31,1717.14,1666.4,1720.59,1653.71,32991,6128311548.0,3.91,-2.47,-42.24,0.26
2023-02-01,1675.62,1665.61,1679.64,1632.04,33974,6244678925.0,2.86,-0.05,-0.79,0.27
2023-02-02,1669.02,1656.75,1679.64,1646.64,29759,5465509510.0,1.98,-0.53,-8.86,0.24
2023-02-03,1640.64,1638.64,1646.64,1616.32,34945,6324635031.0,1.83,-1.09,-18.11,0.28
2023-02-06,1600.64,1615.64,1615.64,1580.64,42661,7595739044.0,2.14,-1.4,-23.0,0.34
2023-02-07,1628.72,1617.64,1629.44,1608.37,24322,4373671735.0,1.3,0.12,2.0,0.19
2023-02-08,1620.65,1604.64,1626.61,1595.64,16676,2980574806.0,1.91,-0.8,-13.0,0.13
2023-02-09,1598.64,1638.64,1650.39,1595.65,29754,5401399088.0,3.41,2.12,34.0,0.24
2023-02-10,1630.74,1630.64,1639.13,1621.69,17985,3253859317.0,1.06,-0.49,-8.0,0.14
2023-02-13,1630.64,1676.99,1695.14,1630.64,38147,7058382498.0,3.96,2.84,46.35,0.3
2023-02-14,1677.1,1664.43,1678.04,1655.64,19566,3601769574.0,1.34,-0.75,-12.56,0.16
2023-02-15,1664.42,1661.64,1675.94,1656.45,18177,3351422211.0,1.17,-0.17,-2.79,0.14
2023-02-16,1661.98,1682.46,1707.64,1648.64,33246,6196915130.0,3.55,1.25,20.82,0.26
2023-02-17,1670.8,1641.42,1693.64,1640.69,26443,4880328952.0,3.15,-2.44,-41.04,0.21
2023-02-20,1641.64,1695.64,1699.44,1637.84,29669,5488800056.0,3.75,3.3,54.22,0.24
2023-02-21,1694.64,1687.64,1694.64,1671.64,18751,3491633510.0,1.36,-0.47,-8.0,0.15
2023-02-22,1675.65,1656.64,1684.54,1652.44,21869,4031016045.0,1.9,-1.84,-31.0,0.17
2023-02-23,1660.64,1638.64,1669.44,1625.89,21881,3983991208.0,2.63,-1.09,-18.0,0.17
2023-02-24,1630.75,1608.64,1630.83,1602.82,24635,4415621498.0,1.71,-1.83,-30.0,0.2
2023-02-27,1599.14,1631.05,1635.64,1595.66,22065,3978128676.0,2.49,1.39,22.41,0.18
2023-02-28,1639.64,1634.38,1642.65,1603.94,23952,4314877096.0,2.37,0.2,3.33,0.19
2023-03-01,1633.64,1659.17,1668.64,1623.87,24458,4475592195.0,2.74,1.52,24.79,0.19
2023-03-02,1649.64,1648.64,1659.63,1641.74,13144,2405292304.0,1.08,-0.63,-10.53,0.1
2023-03-03,1660.41,1638.68,1662.25,1623.12,16198,2946842659.0,2.37,-0.6,-9.96,0.13
2023-03-06,1638.82,1627.78,1639.14,1617.41,20646,3730079522.0,1.33,-0.67,-10.9,0.16
2023-03-07,1626.62,1608.94,1637.24,1608.64,22785,4101302456.0,1.76,-1.16,-18.84,0.18
2023-03-08,1600.66,1591.06,1606.58,1581.76,22764,4035787172.0,1.54,-1.11,-17.88,0.18
2023-03-09,1588.64,1590.66,1605.64,1560.64,27612,4881442710.0,2.83,-0.03,-0.4,0.22
2023-03-10,1572.21,1570.64,1601.64,1570.64,21161,3725139075.0,1.95,-1.26,-20.02,0.17
2023-03-13,1571.64,1582.64,1595.64,1569.64,20560,3626476291.0,1.66,0.76,12.0,0.16
2023-03-14,1584.42,1586.64,1600.52,1559.14,23705,4177289027.0,2.61,0.25,4.0,0.19
2023-03-15,1599.01,1571.56,1605.52,1570.76,19213,3392698490.0,2.19,-0.95,-15.08,0.15
2023-03-16,1560.64,1572.63,1590.64,1559.65,17646,3096791142.0,1.97,0.07,1.07,0.14
2023-03-17,1590.64,1562.64,1596.53,1556.64,27023,4744249369.0,2.54,-0.64,-9.99,0.22
2023-03-20,1571.64,1550.24,1575.64,1548.64,20491,3557872017.0,1.73,-0.79,-12.4,0.16
2023-03-21,1555.64,1595.64,1606.49,1544.61,31142,5491052284.0,3.99,2.93,45.4,0.25
2023-03-22,1600.64,1593.99,1613.64,1586.19,15330,2727648674.0,1.72,-0.1,-1.65,0.12
2023-03-23,1586.64,1595.5,1611.75,1585.65,17356,3082821551.0,1.64,0.09,1.51,0.14
2023-03-24,1589.72,1599.26,1604.24,1586.64,12770,2269649179.0,1.1,0.24,3.76,0.1
2023-03-27,1599.24,1588.43,1599.24,1576.64,15296,2700755933.0,1.41,-0.68,-10.83,0.12
2023-03-28,1590.64,1602.44,1610.64,1585.66,17261,3073113077.0,1.57,0.88,14.01,0.14
2023-03-29,1619.64,1610.64,1620.64,1605.71,15393,2761909333.0,0.93,0.51,8.2,0.12
2023-03-30,1613.64,1620.64,1625.64,1599.64,19257,3453573052.0,1.61,0.62,10.0,0.15
2023-03-31,1645.64,1640.64,1668.64,1639.64,27446,5024790356.0,1.79,1.23,20.0,0.22
2023-04-03,1645.64,1622.71,1648.41,1620.72,21417,3875811673.0,1.69,-1.09,-17.93,0.17
2023-04-04,1632.64,1635.23,1635.81,1607.64,20066,3614275263.0,1.74,0.77,12.52,0.16
2023-04-06,1625.64,1617.6,1636.54,1608.86,14874,2676251956.0,1.69,-1.08,-17.63,0.12
2023-04-07,1615.64,1611.63,1626.65,1608.98,13525,2428160574.0,1.09,-0.37,-5.97,0.11
2023-04-10,1611.52,1592.34,1611.52,1564.64,29418,5171150567.0,2.91,-1.2,-19.29,0.23
2023-04-11,1613.64,1566.14,1613.64,1564.64,29209,5138854627.0,3.08,-1.65,-26.2,0.23
2023-04-12,1567.9,1514.74,1570.64,1513.46,51105,8732657376.0,3.65,-3.28,-51.4,0.41
2023-04-13,1510.64,1543.64,1544.23,1504.65,29543,5049310126.0,2.61,1.91,28.9,0.24
2023-04-14,1546.64,1534.06,1553.64,1525.44,21232,3646526766.0,1.83,-0.62,-9.58,0.17
2023-04-17,1560.64,1573.64,1573.64,1548.64,30467,5303401395.0,1.63,2.58,39.58,0.24
2023-04-18,1573.64,1578.64,1589.64,1566.66,18314,3220107647.0,1.46,0.32,5.0,0.15
2023-04-19,1582.64,1579.64,1586.14,1570.64,14601,2568632845.0,0.98,0.06,1.0,0.12
2023-04-20,1580.75,1562.52,1585.64,1549.64,19885,3468366835.0,2.28,-1.08,-17.12,0.16
2023-04-21,1566.64,1546.11,1568.72,1541.92,18518,3210937222.0,1.72,-1.05,-16.41,0.15
2023-04-24,1541.64,1525.64,1542.64,1521.64,20231,3456728718.0,1.36,-1.32,-20.47,0.16
2023-04-25,1526.64,1551.02,1556.62,1522.64,20583,3534989917.0,2.23,1.66,25.38,0.16
2023-04-26,1564.64,1564.55,1581.64,1540.64,27892,4861477657.0,2.64,0.87,13.53,0.22
2023-04-27,1568.64,1578.56,1590.64,1550.64,25605,4489906864.0,2.56,0.9,14.01,0.2
2023-04-28,1583.65,1581.16,1603.41,1574.61,26225,4636084177.0,1.82,0.16,2.6,0.21
2023-05-04,1589.64,1570.54,1598.31,1556.64,27466,4818999650.0,2.64,-0.67,-10.62,0.22
2023-05-05,1586.64,1570.64,1586.64,1557.03,20714,3621305973.0,1.89,0.01,0.1,0.16
2023-05-08,1588.96,1541.16,1589.64,1537.81,33171,5742915994.0,3.3,-1.88,-29.48,0.26
2023-05-09,1535.64,1542.64,1560.62,1527.71,29378,5057346564.0,2.14,0.1,1.48,0.23
2023-05-10,1535.83,1545.64,1556.64,1535.64,20773,3588550877.0,1.36,0.19,3.0,0.17
2023-05-11,1551.64,1537.71,1555.64,1535.64,15246,2623835905.0,1.29,-0.51,-7.93,0.12
2023-05-12,1535.64,1527.04,1550.52,1525.65,19460,3335038590.0,1.62,-0.69,-10.67,0.15
2023-05-15,1522.64,1536.94,1537.64,1511.84,25740,4384647977.0,1.69,0.65,9.9,0.2
2023-05-16,1534.63,1523.93,1540.63,1517.64,22224,3785811907.0,1.5,-0.85,-13.01,0.18
2023-05-17,1528.64,1521.64,1533.64,1519.65,16777,2858697942.0,0.92,-0.15,-2.29,0.13
2023-05-18,1525.63,1511.64,1526.04,1510.64,19219,3260170684.0,1.01,-0.66,-10.0,0.15
2023-05-19,1491.64,1520.14,1524.97,1476.19,26741,4504022549.0,3.23,0.56,8.5,0.21
2023-05-22,1510.65,1566.64,1572.64,1510.64,41284,7165754129.0,4.08,3.06,46.5,0.33
2023-05-23,1574.63,1545.19,1574.64,1545.19,16894,2934118394.0,1.88,-1.37,-21.45,0.13
2023-05-24,1552.97,1531.54,1554.19,1530.75,18479,3182416491.0,1.52,-0.88,-13.65,0.15
2023-05-25,1526.63,1521.64,1530.64,1510.64,22466,3814504093.0,1.31,-0.65,-9.9,0.18
2023-05-26,1522.64,1511.2,1525.64,1495.65,18291,3090691546.0,1.97,-0.69,-10.44,0.15
2023-05-29,1517.64,1509.64,1518.99,1498.64,17771,2998147159.0,1.35,-0.1,-1.56,0.14
2023-05-30,1509.64,1488.93,1519.53,1479.2,26453,4424706688.0,2.67,-1.37,-20.71,0.21
2023-05-31,1481.65,1449.54,1486.36,1447.31,36957,6053737281.0,2.62,-2.65,-39.39,0.29
2023-06-01,1438.64,1456.56,1495.63,1438.64,28645,4708722933.0,3.93,0.48,7.02,0.23
2023-06-02,1465.64,1491.24,1493.79,1456.75,25058,4163116244.0,2.54,2.38,34.68,0.2
2023-06-05,1486.8,1485.64,1503.52,1483.64,16201,2704294313.0,1.33,-0.38,-5.6,0.13
2023-06-06,1490.64,1487.63,1504.64,1472.19,19914,3326778183.0,2.18,0.13,1.99,0.16
2023-06-07,1493.63,1471.54,1499.44,1470.64,17890,2971782064.0,1.94,-1.08,-16.09,0.14
2023-06-08,1476.47,1488.64,1495.64,1470.65,14703,2441569677.0,1.7,1.16,17.1,0.12
2023-06-09,1492.63,1486.64,1498.61,1486.64,17580,2938014322.0,0.8,-0.13,-2.0,0.14
2023-06-12,1486.66,1516.64,1528.64,1482.16,27029,4562308599.0,3.13,2.02,30.0,0.22
2023-06-13,1514.52,1519.64,1525.25,1505.64,14663,2485398902.0,1.29,0.2,3.0,0.12
2023-06-14,1539.64,1547.52,1554.88,1526.85,31506,5438040356.0,1.84,1.83,27.88,0.25
2023-06-15,1550.98,1575.64,1576.29,1543.64,25223,4395900802.0,2.11,1.82,28.12,0.2
2023-06-16,1577.64,1618.33,1620.64,1570.74,37918,6742301361.0,3.17,2.71,42.69,0.3
2023-06-19,1610.64,1564.64,1618.59,1558.64,31700,5584248725.0,3.7,-3.32,-53.69,0.25
2023-06-20,1560.64,1564.1,1585.64,1555.64,20947,3659824529.0,1.92,-0.03,-0.54,0.17
2023-06-21,1560.64,1556.47,1577.24,1555.64,17721,3088635934.0,1.38,-0.49,-7.63,0.14
2023-06-26,1540.75,1529.64,1550.64,1515.64,23993,4098619510.0,2.25,-1.72,-26.83,0.19
2023-06-27,1530.63,1531.69,1540.34,1520.73,15174,2598138744.0,1.28,0.13,2.05,0.12
2023-06-28,1533.82,1549.02,1554.64,1531.64,18574,3199294221.0,1.5,1.13,17.33,0.15
2023-06-29,1551.64,1534.35,1555.63,1533.65,14231,2446524134.0,1.42,-0.95,-14.67,0.11
2023-06-30,1546.55,1537.55,1555.54,1533.03,20459,3472586730.0,1.47,0.21,3.2,0.16
2023-07-03,1545.55,1570.65,1571.83,1538.55,19139,3286737792.0,2.16,2.15,33.1,0.15
2023-07-04,1570.75,1577.15,1580.99,1564.63,12472,2155553635.0,1.04,0.41,6.5,0.1
2023-07-05,1576.55,1561.93,1578.52,1546.55,14745,2523960725.0,2.03,-0.97,-15.22,0.12
2023-07-06,1555.71,1549.53,1579.55,1546.55,15141,2589459002.0,2.11,-0.79,-12.4,0.12
2023-07-07,1547.55,1536.58,1555.54,1536.55,15167,2571458553.0,1.23,-0.84,-12.95,0.12
2023-07-10,1551.55,1547.45,1561.51,1546.55,13477,2298241728.0,0.97,0.71,10.87,0.11
2023-07-11,1556.55,1556.55,1561.72,1548.65,12583,2151079270.0,0.84,0.59,9.1,0.1
2023-07-12,1559.59,1560.35,1569.55,1557.88,13285,2280785351.0,0.75,0.24,3.8,0.11
2023-07-13,1568.54,1584.95,1591.96,1565.56,25807,4479772500.0,1.69,1.58,24.6,0.21
2023-07-14,1602.55,1599.55,1605.05,1587.75,18550,3245530255.0,1.09,0.92,14.6,0.15
2023-07-17,1597.55,1576.52,1597.55,1573.15,14336,2482069846.0,1.53,-1.44,-23.03,0.11
2023-07-18,1580.13,1569.35,1581.06,1567.55,14738,2544005063.0,0.86,-0.45,-7.17,0.12
2023-07-19,1561.56,1569.55,1574.55,1560.35,12483,2147704435.0,0.9,0.01,0.2,0.1
2023-07-20,1574.54,1570.55,1595.53,1568.55,16693,2897176490.0,1.72,0.06,1.0,0.13
2023-07-21,1578.43,1617.85,1619.05,1572.55,39377,6931535726.0,2.96,3.01,47.3,0.31
2023-07-24,1597.07,1617.7,1617.7,1597.07,19713,3476648177.0,1.28,-0.01,-0.15,0.16
2023-07-25,1646.55,1675.1,1675.43,1646.54,43086,7837450019.0,1.79,3.55,57.4,0.34
2023-07-26,1675.1,1675.1,1682.54,1661.63,19611,3580171484.0,1.25,0.0,0.0,0.16
2023-07-27,1682.55,1684.58,1701.34,1675.25,20340,3749635290.0,1.56,0.57,9.48,0.16
2023-07-28,1678.55,1743.55,1746.55,1674.56,39018,7330314112.0,4.27,3.5,58.97,0.31
2023-07-31,1754.55,1727.13,1781.55,1720.55,45379,8615279839.0,3.5,-0.94,-16.42,0.36
2023-08-01,1724.56,1735.55,1753.5,1724.44,19231,3635857283.0,1.68,0.49,8.42,0.15
2023-08-02,1729.95,1726.55,1736.55,1713.35,18509,3478674239.0,1.34,-0.52,-9.0,0.15
2023-08-03,1716.55,1725.02,1736.55,1697.05,21543,4031087705.0,2.29,-0.09,-1.53,0.17
2023-08-04,1734.37,1740.02,1753.07,1728.55,24574,4655813751.0,1.42,0.87,15.0,0.2
2023-08-07,1727.5,1734.48,1744.55,1717.58,23892,4491893140.0,1.55,-0.32,-5.54,0.19
2023-08-08,1726.58,1736.55,1740.26,1710.63,17736,3333559505.0,1.71,0.12,2.07,0.14
2023-08-09,1736.55,1736.83,1751.55,1729.51,18523,3506306394.0,1.27,0.02,0.28,0.15
2023-08-10,1728.55,1721.55,1735.55,1708.85,18436,3454219140.0,1.54,-0.88,-15.28,0.15
2023-08-11,1731.55,1680.55,1731.95,1680.43,26786,4959166751.0,2.99,-2.38,-41.0,0.21
2023-08-14,1656.55,1649.55,1671.53,1642.55,23731,4285362053.0,1.72,-1.84,-31.0,0.19
2023-08-15,1655.55,1659.53,1664.55,1647.56,14818,2682125119.0,1.03,0.61,9.98,0.12
2023-08-16,1654.13,1666.55,1669.9,1652.55,13184,2396261791.0,1.05,0.42,7.02,0.1
2023-08-17,1652.63,1674.6,1680.55,1648.1,17290,3141408018.0,1.95,0.48,8.05,0.14
2023-08-18,1678.54,1649.14,1681.54,1649.14,17023,3084761577.0,1.93,-1.52,-25.46,0.14
2023-08-21,1639.55,1637.55,1660.54,1636.62,18912,3405415645.0,1.45,-0.7,-11.59,0.15
2023-08-22,1647.54,1634.55,1649.11,1617.57,26650,4763131152.0,1.93,-0.18,-3.0,0.21
2023-08-23,1643.55,1620.55,1646.55,1616.63,19912,3556178584.0,1.83,-0.86,-14.0,0.16
2023-08-24,1626.17,1662.85,1674.55,1621.55,26055,4703417600.0,3.27,2.61,42.3,0.21
2023-08-25,1655.34,1671.53,1684.32,1652.56,18831,3433296756.0,1.91,0.52,8.68,0.15
2023-08-28,1745.13,1681.52,1745.13,1678.43,41052,7633221012.0,3.99,0.6,9.99,0.33
2023-08-29,1674.55,1697.88,1715.63,1674.55,28950,5371260173.0,2.44,0.97,16.36,0.23
2023-08-30,1714.45,1702.55,1714.55,1690.21,19812,3672570260.0,1.43,0.28,4.67,0.16
2023-08-31,1706.55,1693.55,1706.55,1687.56,14820,2738445519.0,1.12,-0.53,-9.0,0.12
2023-09-01,1699.38,1697.6,1712.02,1692.58,13145,2438622738.0,1.15,0.24,4.05,0.1
2023-09-04,1709.15,1712.55,1726.49,1700.08,23871,4453823216.0,1.56,0.88,14.95,0.19
2023-09-05,1714.55,1705.25,1714.55,1703.35,15659,2915625961.0,0.65,-0.43,-7.3,0.12
2023-09-06,1704.55,1707.55,1713.21,1695.56,11121,2067605990.0,1.04,0.13,2.3,0.09
2023-09-07,1699.15,1684.55,1703.44,1677.74,16982,3128587116.0,1.51,-1.35,-23.0,0.14
2023-09-08,1681.49,1665.05,1681.49,1661.5,12212,2224338144.0,1.19,-1.16,-19.5,0.1
2023-09-11,1654.55,1668.72,1686.55,1654.55,15926,2902617736.0,1.92,0.22,3.67,0.13
2023-09-12,1673.15,1666.51,1673.53,1662.57,12168,2214514112.0,0.66,-0.13,-2.21,0.1
2023-09-13,1676.47,1666.46,1676.47,1646.6,19501,3540583633.0,1.79,0.0,-0.05,0.16
2023-09-14,1669.08,1665.24,1673.53,1652.55,17505,3180447848.0,1.26,-0.07,-1.22,0.14
2023-09-15,1665.55,1628.54,1666.33,1627.85,28431,5105749077.0,2.31,-2.2,-36.7,0.23
2023-09-18,1622.86,1675.75,1676.05,1619.55,32559,5905121000.0,3.47,2.9,47.21,0.26
2023-09-19,1668.75,1673.49,1675.55,1654.55,14990,2727858953.0,1.25,-0.13,-2.26,0.12
2023-09-20,1668.55,1670.55,1676.55,1664.6,12502,2281583949.0,0.71,-0.18,-2.94,0.1
2023-09-21,1664.56,1644.94,1668.55,1644.94,19489,3521486755.0,1.41,-1.53,-25.61,0.16
2023-09-22,1652.18,1695.55,1696.51,1638.96,34390,6287832575.0,3.5,3.08,50.61,0.27
2023-09-25,1694.05,1678.93,1694.55,1673.14,13979,2565773541.0,1.26,-0.98,-16.62,0.11
2023-09-26,1674.55,1662.55,1681.43,1659.65,15762,2870852363.0,1.3,-0.98,-16.38,0.13
2023-09-27,1661.55,1660.55,1680.05,1649.35,20880,3791876119.0,1.85,-0.12,-2.0,0.17
2023-09-28,1671.53,1645.1,1671.53,1644.35,20538,3704812960.0,1.64,-0.93,-15.45,0.16
2023-10-09,1643.49,1623.55,1643.49,1611.45,29763,5279950406.0,1.95,-1.31,-21.55,0.24
2023-10-10,1629.44,1616.55,1645.53,1614.55,20284,3615557182.0,1.91,-0.43,-7.0,0.16
2023-10-11,1631.2,1625.05,1631.2,1614.55,21945,3896568648.0,1.03,0.53,8.5,0.17
2023-10-12,1644.45,1632.55,1644.78,1623.75,14865,2657095942.0,1.29,0.46,7.5,0.12
2023-10-13,1617.43,1597.55,1624.56,1584.74,25028,4387687934.0,2.44,-2.14,-35.0,0.2
2023-10-16,1597.53,1576.45,1602.55,1569.0,20790,3603604610.0,2.1,-1.32,-21.1,0.17
2023-10-17,1585.55,1572.55,1585.99,1562.55,14945,2577312288.0,1.49,-0.25,-3.9,0.12
2023-10-18,1565.35,1574.55,1588.55,1563.73,20318,3511987514.0,1.58,0.13,2.0,0.16
2023-10-19,1546.55,1476.55,1546.58,1472.58,73492,12146921769.0,4.7,-6.22,-98.0,0.59
2023-10-20,1476.55,1491.55,1501.55,1462.8,45376,7421390806.0,2.62,1.02,15.0,0.36
2023-10-23,1476.52,1490.53,1506.55,1468.15,25234,4138279588.0,2.57,-0.07,-1.02,0.2
2023-10-24,1494.55,1489.5,1499.91,1467.76,29861,4894807617.0,2.16,-0.07,-1.03,0.24
2023-10-25,1516.66,1524.05,1544.55,1513.57,36179,6075417064.0,2.08,2.32,34.55,0.29
2023-10-26,1513.55,1518.78,1534.55,1508.56,22386,3741418874.0,1.71,-0.35,-5.27,0.18
2023-10-27,1510.55,1523.26,1538.43,1507.15,34262,5754795486.0,2.06,0.29,4.48,0.27
2023-10-30,1515.55,1527.55,1535.43,1515.55,24086,4050573178.0,1.31,0.28,4.29,0.19
2023-10-31,1526.55,1531.13,1536.55,1514.4,19859,3335804699.0,1.45,0.23,3.58,0.16
2023-11-01,1696.55,1627.54,1696.55,1620.34,93143,16747292689.0,4.98,6.3,96.41,0.74
2023-11-02,1641.55,1626.05,1641.55,1622.61,27908,4982090753.0,1.16,-0.09,-1.49,0.22
2023-11-03,1626.55,1657.79,1661.44,1620.55,30176,5433116881.0,2.51,1.95,31.74,0.24
2023-11-06,1666.55,1658.55,1670.34,1647.67,25524,4624102375.0,1.37,0.05,0.76,0.2
2023-11-07,1651.55,1637.72,1656.55,1630.63,19582,3511590028.0,1.56,-1.26,-20.83,0.16
2023-11-08,1630.6,1644.89,1650.35,1629.42,14546,2610041959.0,1.28,0.44,7.17,0.12
2023-11-09,1636.66,1640.66,1645.55,1629.55,12800,2291996819.0,0.97,-0.26,-4.23,0.1
2023-11-10,1627.1,1622.39,1634.55,1619.65,16466,2928380668.0,0.91,-1.11,-18.27,0.13
2023-11-13,1618.83,1610.55,1631.43,1603.53,18370,3244573621.0,1.72,-0.73,-11.84,0.15
2023-11-14,1610.55,1611.82,1621.54,1606.56,12817,2263963957.0,0.93,0.08,1.27,0.1
2023-11-15,1625.55,1619.48,1629.44,1613.55,18435,3271230275.0,0.99,0.48,7.66,0.15
2023-11-16,1620.55,1606.6,1622.55,1606.6,12558,2215937273.0,0.98,-0.8,-12.88,0.1
2023-11-17,1598.55,1599.97,1605.55,1584.45,21714,3793781119.0,1.31,-0.41,-6.63,0.17
2023-11-20,1601.55,1609.05,1616.05,1583.21,18608,3265514010.0,2.05,0.57,9.08,0.15
2023-11-21,1629.97,1636.55,1644.55,1616.65,30098,5383107810.0,1.73,1.71,27.5,0.24
2023-11-22,1629.85,1628.06,1640.9,1627.09,12665,2263460167.0,0.84,-0.52,-8.49,0.1
2023-11-23,1624.85,1632.55,1634.55,1617.55,11550,2055272193.0,1.04,0.28,4.49,0.09
2023-11-24,1635.55,1623.55,1635.55,1621.55,13085,2329345658.0,0.86,-0.55,-9.0,0.1
2023-11-27,1619.85,1609.55,1619.85,1601.55,16261,2865075217.0,1.13,-0.86,-14.0,0.13
2023-11-28,1607.55,1615.59,1620.43,1604.55,14520,2562905659.0,0.99,0.38,6.04,0.12
2023-11-29,1614.55,1621.26,1622.55,1604.55,17149,3034175614.0,1.11,0.35,5.67,0.14
2023-11-30,1623.27,1638.05,1641.31,1617.63,21353,3817513545.0,1.46,1.04,16.79,0.17
2023-12-01,1635.86,1606.83,1636.25,1594.55,33051,5830850111.0,2.55,-1.91,-31.22,0.26
2023-12-04,1606.83,1597.26,1608.38,1591.83,18440,3233102118.0,1.03,-0.6,-9.57,0.15
2023-12-05,1595.33,1555.55,1595.43,1554.57,29903,5168983317.0,2.56,-2.61,-41.71,0.24
2023-12-06,1549.18,1549.55,1566.02,1547.68,23851,4078003022.0,1.18,-0.39,-6.0,0.19
2023-12-07,1550.55,1546.55,1555.63,1533.85,25042,4249170906.0,1.41,-0.19,-3.0,0.2
2023-12-08,1546.55,1551.47,1555.39,1538.77,26288,4474160126.0,1.07,0.32,4.92,0.21
2023-12-11,1536.55,1544.55,1550.55,1503.55,36831,6172810248.0,3.03,-0.45,-6.92,0.29
2023-12-12,1534.15,1556.54,1556.54,1530.55,21011,3564305866.0,1.68,0.78,11.99,0.17
2023-12-13,1551.77,1506.55,1552.27,1503.63,38789,6480807500.0,3.12,-3.21,-49.99,0.31
2023-12-14,1512.51,1482.45,1516.42,1481.57,40672,6703240107.0,2.31,-1.6,-24.1,0.32
2023-12-15,1494.78,1491.55,1524.32,1490.56,37093,6140791726.0,2.28,0.61,9.1,0.3
2023-12-18,1486.55,1508.55,1509.88,1481.55,19897,3292194757.0,1.9,1.14,17.0,0.16
2023-12-19,1511.55,1521.55,1526.42,1491.64,22207,3706057587.0,2.31,0.86,13.0,0.18
2023-12-20,1523.66,1515.45,1525.66,1508.66,23092,3816133219.0,1.12,-0.4,-6.1,0.18
2023-12-21,1505.67,1535.66,1537.98,1505.67,29012,4827827888.0,2.13,1.33,20.21,0.23
2023-12-22,1535.36,1536.31,1544.76,1523.67,21667,3613238325.0,1.37,0.04,0.65,0.17
2023-12-25,1536.66,1537.66,1544.26,1533.66,12471,2086014390.0,0.69,0.09,1.35,0.1
2023-12-26,1538.16,1535.66,1540.56,1523.16,14771,2457177339.0,1.13,-0.13,-2.0,0.12
2023-12-27,1533.66,1532.72,1542.81,1526.66,16056,2679221365.0,1.05,-0.19,-2.94,0.13
2023-12-28,1536.65,1590.65,1593.65,1532.72,38338,6537401380.0,3.98,3.78,57.93,0.31
2023-12-29,1585.66,1591.66,1615.24,1585.66,27539,4768857531.0,1.86,0.06,1.01,0.22
2024-01-02,1580.66,1550.67,1583.85,1543.76,32156,5440082548.0,2.52,-2.58,-40.99,0.26
2024-01-03,1546.77,1559.66,1560.88,1541.99,20229,3411400667.0,1.22,0.58,8.99,0.16
2024-01-04,1558.66,1534.66,1558.66,1528.59,21551,3603970147.0,1.93,-1.6,-25.0,0.17
2024-01-05,1526.99,1529.02,1544.32,1517.77,20243,3373155627.0,1.73,-0.37,-5.64,0.16
2024-01-08,1526.66,1509.65,1527.66,1505.67,25586,4211918629.0,1.44,-1.27,-19.37,0.2
2024-01-09,1506.67,1506.66,1517.98,1500.73,24412,4009826496.0,1.14,-0.2,-2.99,0.19
2024-01-10,1506.76,1507.16,1525.12,1503.66,17351,2856120718.0,1.42,0.03,0.5,0.14
2024-01-11,1505.76,1512.23,1523.6,1503.72,16441,2708764500.0,1.32,0.34,5.07,0.13
2024-01-12,1505.63,1508.72,1516.92,1505.06,11603,1908084612.0,0.78,-0.23,-3.51,0.09
2024-01-15,1500.66,1505.66,1520.63,1500.11,17854,2931202343.0,1.36,-0.2,-3.06,0.14
2024-01-16,1504.16,1505.09,1512.66,1490.6,25903,4236042960.0,1.47,-0.04,-0.57,0.21
2024-01-17,1495.66,1442.66,1501.14,1442.66,51633,8251735591.0,3.89,-4.15,-62.43,0.41
2024-01-18,1439.66,1476.53,1478.46,1421.21,60440,9566349514.0,3.97,2.35,33.87,0.48
2024-01-19,1474.53,1500.66,1503.67,1466.54,46378,7550144389.0,2.51,1.63,24.13,0.37
2024-01-22,1494.66,1507.66,1508.66,1484.54,46946,7678297836.0,1.61,0.47,7.0,0.37
2024-01-23,1497.67,1484.66,1505.61,1474.66,34835,5659457115.0,2.05,-1.53,-23.0,0.28
2024-01-24,1494.66,1491.66,1499.5,1469.22,33216,5373603703.0,2.04,0.47,7.0,0.26
2024-01-25,1492.48,1503.66,1506.66,1487.66,31206,5094508165.0,1.27,0.8,12.0,0.25
2024-01-26,1496.02,1502.98,1509.76,1488.66,26955,4402111882.0,1.4,-0.05,-0.68,0.21
2024-01-29,1505.96,1515.66,1526.24,1505.95,31421,5189014946.0,1.35,0.84,12.68,0.25
2024-01-30,1515.64,1478.66,1515.64,1475.66,30866,5010784454.0,2.64,-2.44,-37.0,0.25
2024-01-31,1478.66,1470.57,1485.63,1463.79,29649,4770104891.0,1.48,-0.55,-8.09,0.24
2024-02-01,1471.16,1475.69,1489.55,1466.66,26485,4272298576.0,1.56,0.35,5.12,0.21
2024-02-02,1480.66,1461.66,1493.44,1446.66,39382,6336691194.0,3.17,-0.95,-14.03,0.31
2024-02-05,1461.66,1495.67,1503.1,1460.91,53130,8590683071.0,2.89,2.33,34.01,0.42
2024-02-06,1495.67,1541.66,1551.14,1491.76,52472,8740646588.0,3.97,3.07,45.99,0.42
2024-02-07,1546.69,1576.65,1580.25,1527.27,52601,8899606867.0,3.44,2.27,34.99,0.42
2024-02-08,1585.67,1571.66,1590.66,1550.66,46757,7953438044.0,2.54,-0.32,-4.99,0.37
2024-02-19,1603.53,1561.09,1603.59,1553.66,36977,6288277980.0,3.18,-0.67,-10.57,0.29
2024-02-20,1563.02,1535.66,1563.02,1522.22,34470,5755266893.0,2.61,-1.63,-25.43,0.27
2024-02-21,1531.68,1583.32,1596.66,1527.66,46154,7868784082.0,4.49,3.1,47.66,0.37
2024-02-22,1573.16,1584.04,1588.67,1566.19,22794,3905984695.0,1.42,0.05,0.72,0.18
2024-02-23,1576.77,1579.75,1590.04,1565.68,27306,4670706950.0,1.54,-0.27,-4.29,0.22
2024-02-26,1573.66,1560.64,1574.4,1550.68,27318,4625594409.0,1.5,-1.21,-19.11,0.22
2024-02-27,1548.66,1555.16,1558.58,1543.66,22080,3718478358.0,0.96,-0.35,-5.48,0.18
2024-02-28,1554.58,1547.21,1562.23,1539.67,31867,5371312847.0,1.45,-0.51,-7.95,0.25
2024-02-29,1547.21,1560.66,1562.16,1544.86,24758,4184917973.0,1.12,0.87,13.45,0.2
2024-03-01,1555.66,1550.72,1560.63,1542.34,26868,4526845398.0,1.17,-0.64,-9.94,0.21
2024-03-04,1544.66,1541.96,1546.65,1535.71,26485,4434401015.0,0.71,-0.56,-8.76,0.21
2024-03-05,1536.47,1560.76,1562.66,1532.34,36238,6102136582.0,1.97,1.22,18.8,0.29
2024-03-06,1556.66,1546.21,1560.66,1543.68,22142,3725582802.0,1.09,-0.93,-14.55,0.18
2024-03-07,1545.66,1549.29,1555.46,1543.66,21599,3633934774.0,0.76,0.2,3.08,0.17
2024-03-08,1546.22,1537.09,1552.34,1535.71,22156,3710678522.0,1.07,-0.79,-12.2,0.18
2024-03-11,1540.66,1560.15,1564.54,1538.84,29895,5048394347.0,1.67,1.5,23.06,0.24
2024-03-12,1559.6,1610.66,1614.76,1556.16,54227,9393309052.0,3.76,3.24,50.51,0.43
2024-03-13,1605.63,1593.11,1613.66,1585.76,26500,4588879420.0,1.73,-1.09,-17.55,0.21
2024-03-14,1584.66,1582.29,1600.5,1577.16,19405,3338768308.0,1.47,-0.68,-10.82,0.15
2024-03-15,1578.16,1583.15,1598.06,1577.66,17834,3066692399.0,1.29,0.05,0.86,0.14
2024-03-18,1580.66,1573.92,1585.51,1564.66,26055,4446059130.0,1.32,-0.58,-9.23,0.21
2024-03-19,1568.66,1573.68,1585.6,1558.77,23948,4093701261.0,1.7,-0.02,-0.24,0.19
2024-03-20,1569.02,1575.26,1579.34,1565.89,15249,2604543856.0,0.85,0.1,1.58,0.12
2024-03-21,1573.76,1574.66,1584.66,1570.16,16596,2839332631.0,0.92,-0.04,-0.6,0.13
2024-03-22,1570.69,1567.01,1574.65,1553.66,25456,4318592818.0,1.33,-0.49,-7.65,0.2
2024-03-25,1564.2,1554.67,1564.43,1546.24,24473,4131446237.0,1.16,-0.79,-12.34,0.19
2024-03-26,1553.12,1574.95,1578.46,1553.12,28069,4782899074.0,1.63,1.3,20.28,0.22
2024-03-27,1570.66,1566.66,1577.66,1564.66,18113,3087792980.0,0.83,-0.53,-8.29,0.14
2024-03-28,1560.66,1567.3,1583.66,1558.86,24642,4201857059.0,1.58,0.04,0.64,0.2
2024-03-29,1567.3,1568.56,1576.65,1563.76,13457,2290584417.0,0.82,0.08,1.26,0.11
2024-04-01,1575.65,1586.99,1599.66,1574.36,27131,4679371035.0,1.61,1.17,18.43,0.22
2024-04-02,1587.66,1579.65,1590.65,1570.71,25449,4360973684.0,1.26,-0.46,-7.34,0.2
2024-04-03,1599.66,1580.77,1605.1,1575.68,29046,5002390042.0,1.86,0.07,1.12,0.23
2024-04-08,1560.66,1532.32,1561.66,1528.26,59167,9907355766.0,2.11,-3.06,-48.45,0.47
2024-04-09,1526.33,1527.88,1538.66,1524.11,25590,4256226333.0,0.95,-0.29,-4.44,0.2
2024-04-10,1527.93,1513.64,1530.65,1510.66,27631,4562853880.0,1.31,-0.93,-14.24,0.22
2024-04-11,1505.77,1513.66,1515.66,1500.35,22766,3736417595.0,1.01,0.0,0.02,0.18
2024-04-12,1516.66,1499.69,1529.66,1499.69,26744,4403968129.0,1.98,-0.92,-13.97,0.21
2024-04-15,1500.67,1538.64,1541.27,1500.64,35818,5960815532.0,2.71,2.6,38.95,0.29
2024-04-16,1531.15,1535.66,1545.22,1524.66,26266,4382796962.0,1.34,-0.19,-2.98,0.21
2024-04-17,1533.66,1532.66,1540.86,1523.66,24819,4130322018.0,1.12,-0.2,-3.0,0.2
2024-04-18,1524.67,1536.44,1548.64,1523.84,26568,4445487745.0,1.62,0.25,3.78,0.21
2024-04-19,1526.44,1512.3,1534.16,1506.94,23500,3879233242.0,1.77,-1.57,-24.14,0.19
2024-04-22,1519.66,1540.72,1544.54,1510.66,29951,5001684635.0,2.24,1.88,28.42,0.24
2024-04-23,1540.66,1557.94,1560.66,1540.66,24980,4217855279.0,1.3,1.12,17.22,0.2
2024-04-24,1562.64,1559.26,1565.57,1548.99,17086,2893555635.0,1.06,0.08,1.32,0.14
2024-04-25,1555.99,1558.7,1561.26,1547.91,14476,2447183879.0,0.86,-0.04,-0.56,0.12
2024-04-26,1559.66,1575.09,1579.66,1559.64,30996,5290248521.0,1.28,1.05,16.39,0.25
2024-04-29,1562.61,1569.66,1593.66,1559.48,41332,7072096590.0,2.17,-0.34,-5.43,0.33
2024-04-30,1570.67,1570.66,1595.54,1570.66,30760,5273902374.0,1.59,0.06,1.0,0.24
2024-05-06,1599.63,1625.86,1630.66,1592.66,59909,10504351712.0,2.42,3.51,55.2,0.48
2024-05-07,1631.45,1635.66,1643.46,1622.34,24925,4413196426.0,1.3,0.6,9.8,0.2
2024-05-08,1635.35,1629.63,1635.63,1621.33,14769,2603293863.0,0.87,-0.37,-6.03,0.12
2024-05-09,1623.66,1621.66,1630.64,1615.66,22387,3929804849.0,0.92,-0.49,-7.97,0.18
2024-05-10,1626.76,1604.64,1633.54,1599.65,26207,4571398242.0,2.09,-1.05,-17.02,0.21
2024-05-13,1597.68,1571.66,1598.32,1566.88,37662,6435415674.0,1.96,-2.06,-32.98,0.3
2024-05-14,1571.65,1567.64,1578.93,1565.67,21274,3623282672.0,0.84,-0.26,-4.02,0.17
2024-05-15,1568.24,1565.66,1573.66,1564.25,15739,2677203002.0,0.6,-0.13,-1.98,0.13
2024-05-16,1570.66,1570.16,1575.54,1555.66,29680,5048754769.0,1.27,0.29,4.5,0.24
2024-05-17,1565.67,1580.66,1582.24,1565.66,28924,4936920634.0,1.06,0.67,10.5,0.23
2024-05-20,1583.65,1574.66,1598.65,1573.77,31426,5401389335.0,1.57,-0.38,-6.0,0.25
2024-05-21,1573.66,1570.66,1575.39,1563.82,16293,2776847499.0,0.73,-0.25,-4.0,0.13
2024-05-22,1568.66,1563.37,1575.62,1556.66,20286,3443977767.0,1.21,-0.46,-7.29,0.16
2024-05-23,1565.66,1557.67,1572.04,1555.74,18885,3199923320.0,1.04,-0.36,-5.7,0.15
2024-05-24,1558.66,1542.74,1560.66,1542.66,20217,3401323915.0,1.16,-0.96,-14.93,0.16
2024-05-27,1543.66,1535.78,1553.11,1533.67,25098,4199001866.0,1.26,-0.45,-6.96,0.2
2024-05-28,1536.06,1530.3,1540.83,1528.66,23521,3923020375.0,0.79,-0.36,-5.48,0.19
2024-05-29,1531.66,1539.66,1545.66,1530.66,19651,3289173345.0,0.98,0.61,9.36,0.16
2024-05-30,1540.66,1514.66,1541.04,1514.66,32208,5333306808.0,1.71,-1.62,-25.0,0.26
2024-05-31,1516.16,1514.11,1529.16,1514.11,21857,3617654788.0,0.99,-0.04,-0.55,0.17
2024-06-03,1515.66,1505.05,1516.58,1500.77,30261,4966041477.0,1.04,-0.6,-9.06,0.24
2024-06-04,1506.16,1518.86,1521.66,1502.21,20841,3432497303.0,1.29,0.92,13.81,0.17
2024-06-05,1517.66,1509.66,1524.34,1508.69,19056,3140824328.0,1.03,-0.61,-9.2,0.15
2024-06-06,1509.32,1505.47,1517.65,1501.57,25610,4205700983.0,1.07,-0.28,-4.19,0.2
2024-06-07,1511.79,1484.84,1511.84,1484.67,33525,5453120695.0,1.8,-1.37,-20.63,0.27
2024-06-11,1468.65,1434.66,1470.66,1432.66,70247,11090577610.0,2.56,-3.38,-50.18,0.56
2024-06-12,1435.66,1437.34,1455.66,1435.66,33171,5230086503.0,1.39,0.19,2.68,0.26
2024-06-13,1442.43,1420.67,1442.55,1418.81,36186,5654938942.0,1.65,-1.16,-16.67,0.29
2024-06-14,1420.66,1420.66,1429.62,1386.12,59514,9177637168.0,3.06,0.0,-0.01,0.47
2024-06-17,1397.95,1407.16,1414.43,1376.67,48318,7400883243.0,2.66,-0.95,-13.5,0.38
2024-06-18,1396.55,1387.16,1420.2,1382.34,41258,6317590943.0,2.69,-1.42,-20.0,0.33
2024-06-19,1394.53,1397.54,1400.54,1378.64,41262,6167728416.0,1.58,0.75,10.38,0.33
2024-06-20,1396.54,1396.64,1412.55,1394.54,24711,3715924984.0,1.29,-0.06,-0.9,0.2
2024-06-21,1397.04,1367.54,1401.52,1366.76,43320,6418543742.0,2.49,-2.08,-29.1,0.34
2024-06-24,1319.54,1373.09,1385.53,1310.55,63840,9319362390.0,5.48,0.41,5.55,0.51
2024-06-25,1373.54,1383.19,1399.53,1373.54,42098,6273919386.0,1.89,0.74,10.1,0.34
2024-06-26,1376.54,1385.76,1397.61,1374.34,29570,4414601922.0,1.68,0.19,2.57,0.24
2024-06-27,1388.54,1387.03,1390.51,1364.54,32822,4857959457.0,1.87,0.09,1.27,0.26
2024-06-28,1376.54,1363.93,1391.03,1360.54,38582,5699649047.0,2.2,-1.67,-23.1,0.31
2024-07-01,1365.42,1336.92,1369.53,1324.54,32161,4636689118.0,3.3,-1.98,-27.01,0.26
2024-07-02,1329.54,1387.24,1394.54,1329.54,51853,7659166816.0,4.86,3.76,50.32,0.41
2024-07-03,1395.54,1396.54,1409.55,1384.56,31573,4740808130.0,1.8,0.67,9.3,0.25
2024-07-04,1401.54,1382.28,1408.54,1377.67,24380,3637968895.0,2.21,-1.02,-14.26,0.19
2024-07-05,1375.54,1349.54,1389.72,1346.54,38829,5664477336.0,3.12,-2.37,-32.74,0.31
2024-07-08,1339.54,1316.54,1354.31,1315.68,39527,5657951348.0,2.86,-2.45,-33.0,0.31
2024-07-09,1316.54,1334.57,1351.43,1306.64,33621,4807957927.0,3.4,1.37,18.03,0.27
2024-07-10,1335.79,1334.13,1362.42,1331.54,23763,3436693365.0,2.31,-0.03,-0.44,0.19
2024-07-11,1346.51,1358.63,1365.54,1336.75,29020,4236960596.0,2.16,1.84,24.5,0.23
2024-07-12,1369.55,1375.36,1382.94,1361.99,23386,3451132648.0,1.54,1.23,16.73,0.19
2024-07-15,1366.54,1371.44,1384.54,1366.54,19176,2835374730.0,1.31,-0.29,-3.92,0.15
2024-07-16,1372.54,1372.54,1378.54,1361.59,20316,2998367128.0,1.24,0.08,1.1,0.16
2024-07-17,1372.64,1397.94,1399.54,1366.56,34311,5115680654.0,2.4,1.85,25.4,0.27
2024-07-18,1396.04,1394.05,1411.54,1389.07,28870,4337214601.0,1.61,-0.28,-3.89,0.23
2024-07-19,1387.35,1422.16,1425.72,1380.55,38943,5888615145.0,3.24,2.02,28.11,0.31
2024-07-22,1421.57,1395.54,1426.52,1388.19,28543,4300813310.0,2.7,-1.87,-26.62,0.23
2024-07-23,1395.54,1351.54,1397.54,1351.54,30944,4555460198.0,3.3,-3.15,-44.0,0.25
2024-07-24,1346.74,1336.56,1360.24,1331.54,24123,3490200973.0,2.12,-1.11,-14.98,0.19
2024-07-25,1336.56,1327.03,1344.54,1316.55,28347,4054086714.0,2.09,-0.71,-9.53,0.23
2024-07-26,1327.03,1318.73,1334.26,1307.44,32354,4594928574.0,2.02,-0.63,-8.3,0.26
2024-07-29,1311.54,1294.56,1318.53,1294.54,30869,4342610100.0,1.82,-1.83,-24.17,0.25
2024-07-30,1282.52,1276.53,1286.81,1257.84,51779,7103491566.0,2.24,-1.39,-18.03,0.41
2024-07-31,1269.64,1317.82,1323.81,1269.64,43272,6098149721.0,4.24,3.23,41.29,0.34
2024-08-01,1314.54,1282.7,1316.54,1281.24,32038,4470988088.0,2.68,-2.67,-35.12,0.26
2024-08-02,1270.14,1281.99,1293.51,1270.14,21928,3041726372.0,1.82,-0.06,-0.71,0.17
2024-08-05,1285.42,1306.55,1322.54,1282.06,37736,5327127147.0,3.16,1.92,24.56,0.3
2024-08-06,1318.54,1301.24,1320.54,1290.55,27444,3860735014.0,2.3,-0.41,-5.31,0.22
2024-08-07,1302.04,1312.04,1318.53,1294.84,20622,2910580747.0,1.82,0.83,10.8,0.16
2024-08-08,1307.54,1327.23,1344.72,1305.54,25131,3592705430.0,2.99,1.16,15.19,0.2
2024-08-09,1356.57,1333.34,1365.54,1333.34,30138,4368705515.0,2.43,0.46,6.11,0.24
2024-08-12,1326.54,1332.64,1339.54,1323.12,13632,1956573438.0,1.23,-0.05,-0.7,0.11
2024-08-13,1329.54,1319.55,1331.54,1308.55,16308,2317037756.0,1.73,-0.98,-13.09,0.13
2024-08-14,1319.55,1309.84,1321.44,1308.56,13414,1898377426.0,0.98,-0.74,-9.71,0.11
2024-08-15,1301.57,1323.43,1332.53,1300.49,23039,3275699572.0,2.45,1.04,13.59,0.18
2024-08-16,1323.33,1327.74,1332.46,1313.55,16455,2349825846.0,1.43,0.33,4.31,0.13
2024-08-19,1328.54,1321.98,1355.42,1321.54,20433,2942106435.0,2.55,-0.43,-5.76,0.16
2024-08-20,1326.44,1319.26,1326.47,1310.54,18591,2644814344.0,1.21,-0.21,-2.72,0.15
2024-08-21,1316.54,1314.12,1324.52,1312.23,15092,2144746551.0,0.93,-0.39,-5.14,0.12
2024-08-22,1312.54,1306.59,1316.54,1296.55,19527,2750868073.0,1.52,-0.57,-7.53,0.16
2024-08-23,1304.54,1311.53,1320.04,1302.66,15320,2166499202.0,1.33,0.38,4.94,0.12
2024-08-26,1313.54,1308.54,1320.4,1299.69,15628,2207595461.0,1.58,-0.23,-2.99,0.12
2024-08-27,1308.54,1300.61,1309.54,1297.65,13657,1920770570.0,0.91,-0.61,-7.93,0.11
2024-08-28,1300.61,1285.54,1302.54,1271.54,31664,4388025875.0,2.38,-1.16,-15.07,0.25
2024-08-29,1276.54,1309.84,1314.54,1276.54,27472,3864270621.0,2.96,1.89,24.3,0.22
2024-08-30,1309.54,1339.73,1354.61,1301.54,38739,5576118649.0,4.05,2.28,29.89,0.31
2024-09-02,1326.54,1291.54,1334.54,1291.54,34135,4801049927.0,3.21,-3.6,-48.19,0.27
2024-09-03,1294.54,1306.54,1311.52,1289.56,17888,2516125842.0,1.7,1.16,15.0,0.14
2024-09-04,1298.54,1296.54,1315.73,1296.28,14211,1995221417.0,1.49,-0.77,-10.0,0.11
2024-09-05,1297.04,1301.42,1303.54,1293.54,14503,2033680839.0,0.77,0.38,4.88,0.12
2024-09-06,1301.54,1294.54,1302.54,1294.54,10321,1445537257.0,0.61,-0.53,-6.88,0.08
2024-09-09,1276.55,1271.54,1290.25,1266.62,28638,3950086825.0,1.83,-1.78,-23.0,0.23
2024-09-10,1266.56,1274.54,1289.54,1266.56,19803,2737295644.0,1.81,0.24,3.0,0.16
2024-09-11,1272.14,1276.54,1282.42,1261.54,20996,2892932794.0,1.64,0.16,2.0,0.17
2024-09-12,1276.54,1231.6,1281.54,1231.45,47948,6482445000.0,3.92,-3.52,-44.94,0.38
2024-09-13,1227.54,1200.67,1228.54,1193.84,56005,7329376917.0,2.82,-2.51,-30.93,0.45
2024-09-18,1196.54,1163.44,1196.55,1163.2,46185,5895948011.0,2.78,-3.1,-37.23,0.37
2024-09-19,1158.54,1157.54,1189.42,1142.37,59988,7623739997.0,4.04,-0.51,-5.9,0.48
2024-09-20,1158.04,1160.46,1170.44,1146.57,39982,5038507835.0,2.06,0.25,2.92,0.32
2024-09-23,1164.54,1158.08,1190.04,1157.2,45550,5809791682.0,2.83,-0.21,-2.38,0.36
2024-09-24,1181.63,1269.14,1269.54,1161.63,100413,13297277523.0,9.32,9.59,111.06,0.8
2024-09-25,1296.59,1295.54,1323.54,1293.25,73954,10420109655.0,2.39,2.08,26.4,0.59
2024-09-26,1296.5,1425.54,1426.41,1292.54,97278,14269262657.0,10.33,10.03,130.0,0.77
2024-09-27,1496.54,1525.74,1525.74,1461.9,87922,14050260569.0,4.48,7.03,100.2,0.7
2024-09-30,1588.54,1644.54,1656.42,1548.54,157293,26982747037.0,7.07,7.79,118.8,1.25
2024-10-08,1806.54,1619.54,1806.54,1576.72,194709,35114075007.0,13.97,-1.52,-25.0,1.55
2024-10-09,1596.54,1491.69,1596.54,1486.54,120197,19708432734.0,6.79,-7.89,-127.85,0.96
2024-10-10,1518.8,1536.54,1564.62,1487.54,74603,12198964035.0,5.17,3.01,44.85,0.59
2024-10-11,1511.94,1501.53,1536.5,1486.54,41915,6764982707.0,3.25,-2.28,-35.01,0.33
2024-10-14,1509.54,1498.53,1517.17,1477.71,44812,7181350822.0,2.63,-0.2,-3.0,0.36
2024-10-15,1495.54,1450.79,1497.53,1449.55,43571,6884141869.0,3.2,-3.19,-47.74,0.35
2024-10-16,1437.42,1419.04,1446.34,1406.54,46664,7140169692.0,2.74,-2.19,-31.75,0.37
2024-10-17,1433.54,1391.14,1434.2,1389.95,39460,5964778958.0,3.12,-1.97,-27.9,0.31
2024-10-18,1389.54,1437.54,1464.38,1375.5,68619,10418043492.0,6.39,3.34,46.4,0.55
2024-10-21,1437.75,1425.34,1446.51,1417.75,42008,6433918335.0,2.0,-0.85,-12.2,0.33
2024-10-22,1423.1,1439.54,1456.72,1420.74,36269,5607826492.0,2.52,1.0,14.2,0.29
2024-10-23,1440.65,1464.04,1473.49,1428.54,40088,6259600035.0,3.12,1.7,24.5,0.32
2024-10-24,1457.54,1448.74,1471.54,1441.55,23923,3723973209.0,2.05,-1.05,-15.3,0.19
2024-10-25,1443.54,1455.39,1471.33,1442.55,27745,4328271351.0,1.99,0.46,6.65,0.22
2024-10-28,1456.54,1461.54,1461.54,1418.77,39121,6064453668.0,2.94,0.42,6.15,0.31
2024-10-29,1456.54,1428.16,1476.54,1426.54,41166,6368105233.0,3.42,-2.28,-33.38,0.33
2024-10-30,1421.54,1428.54,1447.73,1419.95,32006,4913175983.0,1.95,0.03,0.38,0.25
2024-10-31,1428.69,1424.33,1436.54,1416.54,29957,4575545180.0,1.4,-0.29,-4.21,0.24
2024-11-01,1417.54,1430.29,1441.67,1417.34,32284,4954302212.0,1.71,0.42,5.96,0.26
2024-11-04,1441.47,1444.74,1446.54,1424.6,29093,4481761764.0,1.53,1.01,14.45,0.23
2024-11-05,1436.54,1473.53,1474.24,1432.55,45640,7134443464.0,2.89,1.99,28.79,0.36
2024-11-06,1471.54,1467.54,1485.53,1457.76,37631,5916917616.0,1.88,-0.41,-5.99,0.3
2024-11-07,1459.0,1545.68,1550.04,1458.84,74739,12074951757.0,6.21,5.32,78.14,0.59
2024-11-08,1557.43,1506.51,1563.65,1497.55,60771,9885645907.0,4.28,-2.53,-39.17,0.48
2024-11-11,1486.54,1494.55,1506.49,1463.73,43854,6957095385.0,2.84,-0.79,-11.96,0.35
2024-11-12,1485.54,1473.74,1519.54,1470.49,49223,7844798676.0,3.28,-1.39,-20.81,0.39
2024-11-13,1464.54,1475.04,1483.2,1457.82,29125,4594445032.0,1.72,0.09,1.3,0.23
2024-11-14,1466.54,1470.34,1490.99,1462.19,29248,4617144097.0,1.95,-0.32,-4.7,0.23
2024-11-15,1465.54,1455.54,1480.34,1449.54,33761,5295326892.0,2.09,-1.01,-14.8,0.27
2024-11-18,1458.54,1455.54,1472.53,1451.54,27092,4237197499.0,1.44,0.0,0.0,0.22
2024-11-19,1461.54,1438.46,1465.91,1421.54,33266,5138831155.0,3.05,-1.17,-17.08,0.26
2024-11-20,1439.54,1441.35,1450.51,1427.84,21345,3292675257.0,1.58,0.2,2.89,0.17
2024-11-21,1440.41,1441.67,1445.53,1428.54,18262,2810933515.0,1.18,0.02,0.32,0.15
2024-11-22,1437.69,1404.36,1444.31,1404.36,33436,5107288992.0,2.77,-2.59,-37.31,0.27
2024-11-25,1407.54,1395.11,1428.54,1393.21,33186,5011136234.0,2.52,-0.66,-9.25,0.26
2024-11-26,1395.11,1405.54,1415.42,1385.42,25745,3876885984.0,2.15,0.75,10.43,0.2
2024-11-27,1405.54,1415.59,1418.69,1401.54,25934,3927607772.0,1.22,0.72,10.05,0.21
2024-11-28,1418.54,1414.54,1421.53,1398.54,23952,3627662382.0,1.62,-0.07,-1.05,0.19
2024-11-29,1413.54,1422.28,1451.54,1409.75,36088,5534035503.0,2.95,0.55,7.74,0.29
2024-12-02,1422.54,1421.54,1426.53,1411.64,26820,4086609952.0,1.05,-0.05,-0.74,0.21
2024-12-03,1420.54,1423.28,1425.44,1412.62,24807,3777197199.0,0.9,0.12,1.74,0.2
2024-12-04,1416.61,1416.54,1420.2,1406.54,23924,3626565544.0,0.96,-0.47,-6.74,0.19
2024-12-05,1407.4,1407.54,1414.4,1406.54,16141,2441318387.0,0.55,-0.64,-9.0,0.13
2024-12-06,1409.54,1417.55,1435.44,1404.61,32040,4883148600.0,2.19,0.71,10.01,0.26
2024-12-09,1418.56,1415.34,1426.26,1409.74,19800,3008173586.0,1.17,-0.16,-2.21,0.16
2024-12-10,1466.54,1443.13,1476.27,1441.72,60312,9421340719.0,2.44,1.96,27.79,0.48
2024-12-11,1436.54,1432.14,1451.54,1427.52,29671,4569662604.0,1.66,-0.76,-10.99,0.24
2024-12-12,1428.56,1462.34,1462.54,1425.54,41937,6510547810.0,2.58,2.11,30.2,0.33
2024-12-13,1446.55,1415.54,1451.53,1415.42,49512,7580908315.0,2.47,-3.2,-46.8,0.39
2024-12-16,1417.54,1423.74,1425.54,1407.25,32537,4945298799.0,1.29,0.58,8.2,0.26
2024-12-17,1422.53,1454.54,1465.54,1417.55,54172,8398945449.0,3.37,2.16,30.8,0.43
2024-12-18,1454.51,1468.04,1473.54,1443.64,41162,6440801971.0,2.06,0.93,13.5,0.33
2024-12-19,1461.68,1447.55,1464.47,1446.87,24809,3862602665.0,1.2,-1.4,-20.49,0.2
2024-12-20,1451.55,1442.42,1462.22,1440.44,28158,4307425535.0,1.5,-0.35,-5.13,0.22
2024-12-23,1443.42,1446.87,1458.42,1437.42,21603,3300971424.0,1.46,0.31,4.45,0.17
2024-12-24,1445.42,1459.24,1464.42,1442.01,22105,3394160299.0,1.55,0.85,12.37,0.18
2024-12-25,1459.22,1450.42,1459.22,1446.52,17123,2621061878.0,0.87,-0.6,-8.82,0.14
2024-12-26,1454.42,1448.21,1459.2,1443.42,18287,2798840003.0,1.09,-0.15,-2.21,0.15
2024-12-27,1449.32,1449.39,1456.42,1439.92,20759,3170191445.0,1.14,0.08,1.18,0.17
2024-12-30,1454.39,1445.42,1464.38,1445.42,25130,3849542646.0,1.31,-0.27,-3.97,0.2
2024-12-31,1445.82,1444.42,1465.42,1442.43,39354,6033540366.0,1.59,-0.07,-1.0,0.31
2025-01-02,1444.42,1408.42,1444.91,1400.42,50029,7490883773.0,3.08,-2.49,-36.0,0.4
2025-01-03,1414.92,1395.42,1415.41,1387.43,32628,4836610288.0,1.99,-0.92,-13.0,0.26
2025-01-06,1373.42,1360.42,1383.08,1353.22,44255,6392479712.0,2.14,-2.51,-35.0,0.35
2025-01-07,1365.08,1360.62,1372.31,1359.42,24221,3494634227.0,0.95,0.01,0.2,0.19
2025-01-08,1360.42,1362.92,1372.24,1347.08,35258,5071821246.0,1.85,0.17,2.3,0.28
2025-01-09,1369.41,1364.42,1385.0,1353.4,29706,4295852736.0,2.32,0.11,1.5,0.24
2025-01-10,1367.52,1356.42,1372.37,1356.42,21872,3154677598.0,1.17,-0.59,-8.0,0.17
2025-01-13,1345.42,1364.4,1364.86,1342.43,21083,3030806870.0,1.65,0.59,7.98,0.17
2025-01-14,1365.37,1392.92,1399.1,1362.42,30957,4535651504.0,2.69,2.09,28.52,0.25
2025-01-15,1387.42,1391.69,1395.02,1380.43,18399,2701518712.0,1.05,-0.09,-1.23,0.15
2025-01-16,1394.42,1366.8,1403.08,1362.42,26342,3840411437.0,2.92,-1.79,-24.89,0.21
2025-01-17,1366.81,1375.17,1381.42,1366.8,18309,2663227309.0,1.07,0.61,8.37,0.15
2025-01-20,1381.42,1395.22,1410.21,1380.42,31410,4647626351.0,2.17,1.46,20.05,0.25
2025-01-21,1401.42,1388.57,1402.42,1385.42,16856,2481821229.0,1.22,-0.48,-6.65,0.13
2025-01-22,1383.69,1361.42,1388.37,1358.42,28294,4088101682.0,2.16,-1.96,-27.15,0.23
2025-01-23,1370.39,1363.42,1388.42,1358.42,27125,3932700850.0,2.2,0.15,2.0,0.22
2025-01-24,1362.42,1356.42,1368.21,1350.73,31360,4515322685.0,1.28,-0.51,-7.0,0.25
2025-01-27,1357.42,1355.41,1364.39,1347.44,29356,4213534543.0,1.25,-0.07,-1.01,0.23
2025-02-05,1360.42,1324.22,1363.42,1322.63,40757,5753730034.0,3.01,-2.3,-31.19,0.32
2025-02-06,1320.43,1333.26,1342.41,1320.43,27356,3859568163.0,1.66,0.68,9.04,0.22
2025-02-07,1334.1,1356.42,1363.1,1323.83,37242,5310850624.0,2.95,1.74,23.16,0.3
2025-02-10,1358.42,1351.93,1360.42,1347.51,20840,2988101756.0,0.95,-0.33,-4.49,0.17
2025-02-11,1355.37,1338.42,1356.38,1336.32,23573,3348668867.0,1.48,-1.0,-13.51,0.19
2025-02-12,1338.42,1363.42,1365.42,1337.3,25476,3644170477.0,2.1,1.87,25.0,0.2
2025-02-13,1363.44,1385.48,1395.67,1354.93,43385,6335985851.0,2.99,1.62,22.06,0.35
2025-02-14,1385.48,1395.42,1397.42,1378.64,27100,3978694098.0,1.36,0.72,9.94,0.22
2025-02-17,1401.42,1392.04,1415.4,1387.52,32471,4804663813.0,2.0,-0.24,-3.38,0.26
2025-02-18,1390.42,1395.42,1413.41,1382.5,27800,4113845397.0,2.22,0.24,3.38,0.22
2025-02-19,1395.47,1411.42,1414.86,1385.32,32393,4803378441.0,2.12,1.15,16.0,0.26
2025-02-20,1403.42,1394.42,1412.39,1393.81,23750,3513552984.0,1.32,-1.2,-17.0,0.19
2025-02-21,1400.42,1408.63,1417.15,1393.43,36418,5418169587.0,1.7,1.02,14.21,0.29
2025-02-24,1408.42,1399.49,1419.94,1394.42,34744,5157907322.0,1.81,-0.65,-9.14,0.28
2025-02-25,1390.43,1374.42,1393.81,1372.42,28387,4142814459.0,1.53,-1.79,-25.07,0.23
2025-02-26,1375.87,1380.43,1385.38,1365.42,26366,3835949041.0,1.45,0.44,6.01,0.21
2025-02-27,1380.44,1405.98,1410.32,1374.42,49762,7368002361.0,2.6,1.85,25.55,0.4
2025-02-28,1405.92,1421.21,1448.8,1402.42,56129,8475738166.0,3.3,1.08,15.23,0.45
2025-03-03,1423.02,1407.44,1441.41,1401.92,31596,4736679903.0,2.78,-0.97,-13.77,0.25
2025-03-04,1405.42,1390.53,1406.42,1385.63,25211,3710675863.0,1.48,-1.2,-16.91,0.2
2025-03-05,1392.42,1386.79,1394.42,1380.52,24605,3606932152.0,1.0,-0.27,-3.74,0.2
2025-03-06,1394.42,1426.4,1430.62,1392.5,42168,6297117400.0,2.75,2.86,39.61,0.34
2025-03-07,1423.42,1441.42,1448.78,1423.42,37991,5760608729.0,1.78,1.05,15.02,0.3
2025-03-10,1440.23,1443.32,1447.3,1426.56,31369,4758789260.0,1.44,0.13,1.9,0.25
2025-03-11,1437.42,1469.1,1469.1,1432.42,39776,6094007854.0,2.54,1.79,25.78,0.32
2025-03-12,1467.38,1463.0,1470.1,1446.77,29604,4552923644.0,1.59,-0.42,-6.1,0.24
2025-03-13,1464.42,1458.19,1475.92,1451.3,25724,3966369271.0,1.68,-0.33,-4.81,0.2
2025-03-14,1468.08,1548.43,1548.43,1461.42,92913,14882842708.0,5.97,6.19,90.24,0.74
2025-03-17,1577.42,1558.28,1578.41,1547.3,54689,8985138902.0,2.01,0.64,9.85,0.44
2025-03-18,1565.46,1544.42,1572.42,1542.12,31613,5153210436.0,1.94,-0.89,-13.86,0.25
2025-03-19,1544.71,1556.13,1568.42,1543.42,27390,4477128770.0,1.62,0.76,11.71,0.22
2025-03-20,1556.13,1524.42,1558.02,1515.49,36737,5903879207.0,2.73,-2.04,-31.71,0.29
2025-03-21,1519.42,1494.17,1532.62,1489.25,33614,5324973190.0,2.85,-1.98,-30.25,0.27
2025-03-24,1490.42,1503.42,1510.08,1482.8,25566,4032223482.0,1.83,0.62,9.25,0.2
2025-03-25,1508.42,1495.92,1513.22,1487.08,17674,2783286813.0,1.74,-0.5,-7.5,0.14
2025-03-26,1493.19,1496.42,1503.0,1491.42,14324,2257639750.0,0.77,0.03,0.5,0.11
2025-03-27,1496.42,1509.42,1518.67,1493.8,17956,2848889210.0,1.66,0.87,13.0,0.14
2025-03-28,1511.35,1505.63,1513.42,1496.42,16228,2569470015.0,1.13,-0.25,-3.79,0.13
2025-03-31,1501.4,1481.42,1507.38,1480.48,21085,3311857714.0,1.79,-1.61,-24.21,0.17
2025-04-01,1484.42,1476.44,1490.31,1472.63,18556,2893739955.0,1.19,-0.34,-4.98,0.15
2025-04-02,1478.42,1469.44,1488.22,1465.92,21674,3371883024.0,1.51,-0.47,-7.0,0.17
2025-04-03,1450.42,1489.3,1506.42,1449.43,35481,5557442052.0,3.88,1.35,19.86,0.28
2025-04-07,1440.43,1420.42,1457.27,1382.42,101953,15314738235.0,5.03,-4.62,-68.88,0.81
2025-04-08,1433.42,1465.42,1465.42,1415.42,73876,11226977557.0,3.52,3.17,45.0,0.59
2025-04-09,1445.44,1461.46,1477.22,1440.97,55630,8562928225.0,2.47,-0.27,-3.96,0.44
2025-04-10,1471.41,1469.42,1475.42,1448.42,38620,5963650791.0,1.85,0.54,7.96,0.31
2025-04-11,1500.39,1489.4,1500.39,1465.42,32634,5087359924.0,2.38,1.36,19.98,0.26
2025-04-14,1481.39,1472.41,1486.42,1471.95,21711,3379425640.0,0.97,-1.14,-16.99,0.17
2025-04-15,1472.42,1478.42,1485.42,1465.42,21489,3339942729.0,1.36,0.41,6.01,0.17
2025-04-16,1472.42,1479.59,1496.42,1457.42,31156,4834880596.0,2.64,0.08,1.17,0.25
2025-04-17,1474.42,1490.42,1496.92,1470.41,23846,3733924973.0,1.79,0.73,10.83,0.19
2025-04-18,1486.42,1486.36,1495.42,1476.42,20298,3179974340.0,1.27,-0.27,-4.06,0.16
2025-04-21,1485.92,1471.42,1485.92,1471.42,18057,2808158177.0,0.98,-1.01,-14.94,0.14
2025-04-22,1470.42,1469.22,1476.72,1463.63,18432,2857525967.0,0.89,-0.15,-2.2,0.15
2025-04-23,1479.42,1472.42,1479.64,1465.42,18669,2895468892.0,0.97,0.22,3.2,0.15
2025-04-24,1472.42,1472.67,1481.1,1469.4,14872,2313372072.0,0.79,0.02,0.25,0.12
2025-04-25,1477.52,1470.42,1481.62,1470.42,14765,2295029705.0,0.76,-0.15,-2.25,0.12
2025-04-28,1472.42,1470.42,1475.42,1467.02,14660,2274252465.0,0.57,0.0,0.0,0.12
2025-04-29,1470.42,1464.42,1472.96,1452.44,18922,2917422938.0,1.4,-0.41,-6.0,0.15
2025-04-30,1470.41,1467.42,1487.08,1466.72,25754,4005439429.0,1.39,0.2,3.0,0.21
2025-05-06,1479.42,1470.62,1479.42,1464.75,18300,2838614215.0,1.0,0.22,3.2,0.15
2025-05-07,1490.42,1475.42,1490.42,1470.62,27462,4275142569.0,1.35,0.33,4.8,0.22
2025-05-08,1473.42,1498.61,1513.2,1470.25,33481,5265446444.0,2.91,1.57,23.19,0.27
2025-05-09,1499.41,1511.6,1517.87,1495.47,23672,3757574546.0,1.49,0.87,12.99,0.19
2025-05-12,1518.42,1524.92,1539.35,1517.03,24735,3967785800.0,1.48,0.88,13.32,0.2
2025-05-13,1529.34,1510.72,1529.34,1505.53,21258,3386617848.0,1.56,-0.93,-14.2,0.17
2025-05-14,1510.42,1555.41,1565.42,1508.6,39460,6394735058.0,3.76,2.96,44.69,0.31
2025-05-15,1555.22,1552.43,1564.01,1544.55,24733,4043402636.0,1.25,-0.19,-2.98,0.2
2025-05-16,1554.41,1534.55,1557.41,1534.55,22935,3714508659.0,1.47,-1.15,-17.88,0.18
2025-05-19,1516.42,1499.4,1520.42,1494.3,38063,6021950010.0,1.7,-2.29,-35.15,0.3
2025-05-20,1500.42,1506.42,1515.22,1495.52,19522,3095742637.0,1.31,0.47,7.02,0.16
2025-05-21,1505.42,1501.39,1516.36,1501.39,19795,3143941416.0,0.99,-0.33,-5.03,0.16
2025-05-22,1501.41,1500.42,1505.41,1490.52,15090,2381236586.0,0.99,-0.06,-0.97,0.12
2025-05-23,1495.62,1493.02,1508.32,1492.08,21537,3399424961.0,1.08,-0.49,-7.4,0.17
2025-05-26,1490.42,1470.92,1495.05,1465.42,27087,4212944430.0,1.98,-1.48,-22.1,0.22
2025-05-27,1471.42,1464.32,1479.02,1463.93,17752,2748945675.0,1.03,-0.45,-6.6,0.14
2025-05-28,1464.41,1457.42,1466.88,1453.42,16266,2504624605.0,0.92,-0.47,-6.9,0.13
2025-05-29,1460.42,1460.42,1475.42,1452.42,21860,3375465796.0,1.58,0.21,3.0,0.17
2025-05-30,1460.57,1442.42,1465.42,1435.66,31239,4764875947.0,2.04,-1.23,-18.0,0.25
2025-06-03,1428.43,1429.42,1439.42,1425.44,28979,4377892799.0,0.97,-0.9,-13.0,0.23
2025-06-04,1430.92,1430.38,1443.42,1429.64,23008,3480363797.0,0.96,0.07,0.96,0.18
2025-06-05,1434.42,1434.42,1436.42,1422.62,23214,3504925524.0,0.96,0.28,4.04,0.18
2025-06-06,1434.22,1426.81,1439.39,1423.42,25023,3777727616.0,1.11,-0.53,-7.61,0.2
2025-06-09,1425.44,1406.53,1429.12,1406.1,44959,6723839138.0,1.61,-1.42,-20.28,0.36
2025-06-10,1406.42,1395.43,1412.42,1395.22,30492,4511934584.0,1.22,-0.79,-11.1,0.24
2025-06-11,1397.22,1400.42,1414.42,1396.52,30893,4585522755.0,1.28,0.36,4.99,0.25
2025-06-12,1400.42,1379.42,1404.29,1374.52,49904,7306800800.0,2.13,-1.5,-21.0,0.4
2025-06-13,1364.83,1347.37,1370.39,1345.48,59113,8466515559.0,1.81,-2.32,-32.05,0.47
2025-06-16,1321.62,1342.71,1345.46,1321.6,42888,6060448438.0,1.77,-0.35,-4.66,0.34
2025-06-17,1340.42,1347.42,1347.42,1332.6,27232,3868364671.0,1.1,0.35,4.71,0.22
2025-06-18,1360.42,1345.42,1363.86,1341.43,30761,4404131364.0,1.66,-0.15,-2.0,0.24
2025-06-19,1346.42,1346.42,1354.09,1337.6,24501,3490268568.0,1.23,0.07,1.0,0.2
2025-06-20,1344.0,1349.08,1361.56,1340.62,34816,4990683314.0,1.56,0.2,2.66,0.28
2025-06-23,1340.42,1340.42,1353.42,1325.6,26723,3794012343.0,2.06,-0.64,-8.66,0.21
2025-06-24,1343.77,1357.62,1372.1,1343.77,36312,5229183514.0,2.11,1.28,17.2,0.29
2025-06-25,1359.53,1356.28,1369.62,1340.93,41050,5869292227.0,2.11,-0.1,-1.34,0.33
2025-06-26,1363.02,1368.02,1376.02,1358.1,34860,4955829982.0,1.32,0.87,11.74,0.28
2025-06-27,1368.03,1351.11,1371.02,1351.11,38250,5404312675.0,1.46,-1.24,-16.91,0.3
2025-06-30,1351.52,1357.54,1361.25,1350.02,30457,4287373691.0,0.83,0.48,6.43,0.24
2025-07-01,1357.02,1353.12,1359.96,1351.33,19878,2794423203.0,0.64,-0.33,-4.42,0.16
2025-07-02,1357.52,1357.62,1362.82,1348.02,26218,3689246316.0,1.09,0.33,4.5,0.21
2025-07-03,1360.02,1363.62,1370.71,1356.02,24413,3456733002.0,1.08,0.44,6.0,0.19
2025-07-04,1363.72,1370.24,1379.91,1358.03,28767,4086547268.0,1.6,0.49,6.62,0.23
2025-07-07,1370.3,1358.72,1371.52,1358.03,23855,3370562659.0,0.98,-0.84,-11.52,0.19
2025-07-08,1358.73,1364.13,1368.02,1358.72,18674,2643302691.0,0.68,0.4,5.41,0.15
2025-07-09,1363.02,1366.9,1377.99,1362.19,27745,3950810723.0,1.16,0.2,2.77,0.22
2025-07-10,1366.99,1374.52,1384.2,1358.42,38725,5503329754.0,1.89,0.56,7.62,0.31
2025-07-11,1371.18,1375.02,1406.02,1371.18,57243,8239010390.0,2.53,0.04,0.5,0.46
2025-07-14,1378.02,1371.62,1383.0,1369.62,27781,3961736006.0,0.97,-0.25,-3.4,0.22
2025-07-15,1369.0,1359.02,1370.95,1356.34,35406,5005150165.0,1.07,-0.92,-12.6,0.28
2025-07-16,1358.03,1359.05,1365.51,1357.97,21286,3006882579.0,0.55,0.0,0.03,0.17
2025-07-17,1362.0,1364.37,1371.03,1360.9,23106,3273100406.0,0.75,0.39,5.32,0.18
2025-07-18,1368.02,1385.02,1385.83,1364.4,41823,5984949774.0,1.57,1.51,20.65,0.33
2025-07-21,1385.01,1391.02,1394.82,1383.02,26203,3779891829.0,0.85,0.43,6.0,0.21
2025-07-22,1392.02,1413.0,1414.62,1388.7,42119,6127636851.0,1.86,1.58,21.98,0.34
2025-07-23,1417.02,1423.52,1443.02,1416.97,45045,6676301462.0,1.84,0.74,10.52,0.36
2025-07-24,1424.02,1439.52,1447.02,1423.02,38804,5786337377.0,1.69,1.12,16.0,0.31
2025-07-25,1439.42,1403.02,1439.42,1401.02,41911,6140078741.0,2.67,-2.54,-36.5,0.33
2025-07-28,1401.02,1386.68,1403.01,1384.32,38586,5560966386.0,1.33,-1.16,-16.34,0.31
2025-07-29,1387.62,1387.02,1396.81,1383.03,26304,3785848102.0,0.99,0.02,0.34,0.21
2025-07-30,1392.02,1397.46,1405.18,1385.02,31868,4612883040.0,1.45,0.75,10.44,0.25
2025-07-31,1391.02,1369.69,1392.89,1366.02,51798,7386302758.0,1.92,-1.99,-27.77,0.41
2025-08-01,1369.89,1365.02,1373.98,1362.02,29636,4200850790.0,0.87,-0.34,-4.67,0.24
2025-08-04,1363.02,1367.02,1367.82,1362.02,18688,2647105740.0,0.42,0.15,2.0,0.15
2025-08-05,1369.02,1375.76,1377.96,1365.13,25342,3607931488.0,0.94,0.64,8.74,0.2
2025-08-06,1377.02,1371.9,1377.02,1367.32,23699,3372334940.0,0.71,-0.28,-3.86,0.19
2025-08-07,1371.9,1370.37,1375.72,1368.08,28001,3988765795.0,0.56,-0.11,-1.53,0.22
2025-08-08,1371.07,1368.99,1374.52,1366.02,18655,2651478118.0,0.62,-0.1,-1.38,0.15
2025-08-11,1371.52,1393.02,1400.01,1371.02,47159,6794034090.0,2.12,1.76,24.03,0.38
2025-08-12,1397.02,1385.06,1413.09,1384.02,42019,6095342036.0,2.09,-0.57,-7.96,0.33
2025-08-13,1373.02,1368.07,1381.7,1368.02,65528,9325460101.0,0.99,-1.23,-16.99,0.52
2025-08-14,1368.96,1375.01,1395.53,1368.96,48129,6897535330.0,1.94,0.51,6.94,0.38
2025-08-15,1374.03,1370.1,1376.68,1368.24,47582,6772436997.0,0.61,-0.36,-4.91,0.38
2025-08-18,1375.01,1376.52,1384.66,1371.12,47378,6773477871.0,0.99,0.47,6.42,0.38
2025-08-19,1381.52,1386.02,1394.68,1380.02,46372,6678541001.0,1.07,0.69,9.5,0.37
2025-08-20,1386.02,1398.02,1400.82,1378.04,45805,6623095725.0,1.64,0.87,12.0,0.36
2025-08-21,1401.47,1396.27,1403.01,1391.67,30891,4470441662.0,0.81,-0.13,-1.75,0.25
2025-08-22,1396.9,1411.97,1412.02,1392.79,44971,6544867368.0,1.38,1.12,15.7,0.36
2025-08-25,1418.03,1438.35,1444.02,1414.02,65325,9676719498.0,2.12,1.87,26.38,0.52
2025-08-26,1438.34,1429.63,1442.25,1428.03,39602,5883917000.0,0.99,-0.61,-8.72,0.32
2025-08-27,1429.9,1396.02,1432.95,1396.02,56006,8184169113.0,2.58,-2.35,-33.61,0.45
2025-08-28,1395.99,1394.12,1404.12,1386.79,39282,5683673273.0,1.24,-0.14,-1.9,0.31
2025-08-29,1401.02,1428.02,1430.6,1400.02,62256,9159701454.0,2.19,2.43,33.9,0.5
2025-09-01,1430.22,1424.12,1436.02,1413.72,45123,6658918555.0,1.56,-0.27,-3.9,0.36
2025-09-02,1426.68,1439.32,1457.02,1426.02,56688,8470012816.0,2.18,1.07,15.2,0.45
2025-09-03,1439.02,1428.57,1451.52,1414.02,45045,6656011145.0,2.61,-0.75,-10.75,0.36
2025-09-04,1420.02,1420.68,1427.32,1408.49,47747,7017084750.0,1.32,-0.55,-7.89,0.38
2025-09-05,1419.02,1431.02,1434.99,1412.02,37388,5519312163.0,1.62,0.73,10.34,0.3
2025-09-08,1431.02,1449.25,1454.46,1425.52,51383,7682065696.0,2.02,1.27,18.23,0.41
2025-09-09,1453.02,1453.02,1457.97,1441.44,35743,5366650005.0,1.14,0.26,3.77,0.29
2025-09-10,1454.68,1470.03,1477.97,1444.02,49663,7541460049.0,2.34,1.17,17.01,0.4
2025-09-11,1470.03,1471.52,1474.04,1456.52,37239,5642778456.0,1.19,0.1,1.49,0.3
2025-09-12,1474.02,1464.02,1486.04,1458.55,33722,5132184935.0,1.87,-0.51,-7.5,0.27
2025-09-15,1463.89,1463.12,1465.5,1449.52,25827,3901929718.0,1.09,-0.06,-0.9,0.21
2025-09-16,1463.12,1448.0,1469.01,1444.23,32718,4928374478.0,1.69,-1.03,-15.12,0.26
2025-09-17,1448.01,1441.02,1458.3,1438.03,30331,4534770634.0,1.4,-0.48,-6.98,0.24
2025-09-18,1440.02,1415.98,1445.82,1411.52,49721,7347477479.0,2.38,-1.74,-25.04,0.4
2025-09-19,1416.01,1415.99,1423.52,1405.03,32637,4784528851.0,1.31,0.0,0.01,0.26
2025-09-22,1413.11,1401.37,1415.99,1398.03,34947,5085057536.0,1.27,-1.03,-14.62,0.28
2025-09-23,1398.52,1395.44,1405.52,1388.02,38663,5588384388.0,1.25,-0.42,-5.93,0.31
2025-09-24,1382.09,1390.02,1404.8,1382.09,30744,4443052872.0,1.63,-0.39,-5.42,0.25
2025-09-25,1390.85,1387.02,1393.23,1384.02,33870,4873274661.0,0.66,-0.22,-3.0,0.27
2025-09-26,1389.2,1383.02,1395.13,1376.03,45121,6480889597.0,1.38,-0.29,-4.0,0.36
2025-09-29,1387.4,1408.88,1418.01,1383.02,53684,7798434586.0,2.53,1.87,25.86,0.43
2025-09-30,1408.02,1392.01,1408.78,1388.02,39364,5687474876.0,1.47,-1.2,-16.87,0.31
2025-10-09,1384.02,1384.8,1387.4,1368.02,54918,7845448947.0,1.39,-0.52,-7.21,0.44
2025-10-10,1385.62,1378.02,1387.96,1375.52,36001,5157459262.0,0.9,-0.49,-6.78,0.29
2025-10-13,1363.72,1367.22,1370.87,1363.14,46069,6533147458.0,0.56,-0.78,-10.8,0.37
2025-10-14,1378.01,1399.04,1412.02,1378.01,66672,9639484605.0,2.49,2.33,31.82,0.53
2025-10-15,1399.0,1410.02,1411.02,1393.1,42785,6233407482.0,1.28,0.78,10.98,0.34
2025-10-16,1409.94,1432.93,1432.97,1406.9,45730,6749162949.0,1.85,1.62,22.91,0.37
2025-10-17,1431.12,1403.02,1436.02,1402.05,38086,5594724900.0,2.37,-2.09,-29.91,0.3
2025-10-20,1403.02,1405.95,1417.52,1402.9,25950,3793283759.0,1.04,0.21,2.93,0.21
2025-10-21,1407.02,1410.28,1417.96,1403.52,25443,3727984130.0,1.03,0.31,4.33,0.2
2025-10-22,1410.1,1406.72,1413.75,1404.02,18195,2657486636.0,0.69,-0.25,-3.56,0.15
2025-10-23,1403.02,1416.0,1416.82,1395.22,29322,4274652090.0,1.54,0.66,9.28,0.23
2025-10-24,1415.97,1398.02,1426.9,1397.36,38226,5578603148.0,2.09,-1.27,-17.98,0.31
2025-10-27,1388.02,1388.43,1400.51,1384.01,37102,5352667152.0,1.18,-0.69,-9.59,0.3
2025-10-28,1390.02,1393.02,1399.22,1389.12,27124,3923817140.0,0.73,0.33,4.59,0.22
2025-10-29,1388.04,1379.92,1394.57,1378.06,33937,4868780319.0,1.19,-0.94,-13.1,0.27
2025-10-30,1369.83,1374.76,1384.65,1369.83,47456,6768821311.0,1.07,-0.37,-5.16,0.38
2025-10-31,1370.02,1378.03,1384.0,1368.13,35694,5109623861.0,1.15,0.24,3.27,0.29
2025-11-03,1379.02,1383.02,1396.02,1368.12,34548,4945310830.0,2.02,0.36,4.99,0.28
2025-11-04,1383.12,1377.02,1383.8,1371.8,26566,3793892903.0,0.87,-0.43,-6.0,0.21
2025-11-05,1373.91,1368.1,1379.01,1368.03,34475,4908475373.0,0.8,-0.65,-8.92,0.28
2025-11-06,1378.02,1383.15,1389.47,1378.01,38348,5505960415.0,0.84,1.1,15.05,0.31
2025-11-07,1383.13,1381.35,1387.8,1379.13,18861,2704995856.0,0.63,-0.13,-1.8,0.15
2025-11-10,1383.02,1410.32,1411.71,1383.0,49452,7181246441.0,2.08,2.1,28.97,0.39
2025-11-11,1410.02,1407.01,1410.2,1395.02,26692,3882776772.0,1.08,-0.23,-3.31,0.21
2025-11-12,1408.0,1413.17,1426.38,1407.23,32992,4849073051.0,1.36,0.44,6.16,0.26
2025-11-13,1410.14,1418.4,1421.6,1406.02,31179,4569178269.0,1.1,0.37,5.23,0.25
2025-11-14,1418.02,1404.62,1426.97,1404.32,27473,4031007106.0,1.6,-0.97,-13.78,0.22
2025-11-17,1402.02,1419.02,1421.02,1393.81,34462,5035780027.0,1.94,1.03,14.4,0.28
2025-11-18,1418.72,1424.02,1434.09,1417.02,34205,5055675474.0,1.2,0.35,5.0,0.27
2025-11-19,1422.02,1419.03,1427.55,1417.98,22045,3249449214.0,0.67,-0.35,-4.99,0.18
2025-11-20,1420.02,1415.13,1427.92,1413.05,24002,3531653943.0,1.05,-0.27,-3.9,0.19
2025-11-21,1418.52,1414.62,1428.02,1404.02,42607,6259873433.0,1.7,-0.04,-0.51,0.34
2025-11-24,1415.02,1400.02,1419.02,1399.15,33607,4901903705.0,1.4,-1.03,-14.6,0.27
2025-11-25,1406.02,1392.67,1406.02,1392.52,28441,4119930011.0,0.96,-0.52,-7.35,0.23
2025-11-26,1396.9,1397.17,1401.51,1391.6,20306,2938818095.0,0.71,0.32,4.5,0.16
2025-11-27,1397.52,1395.32,1398.02,1387.06,22287,3216797187.0,0.78,-0.13,-1.85,0.18
2025-11-28,1394.52,1398.52,1403.52,1391.02,23211,3366696622.0,0.9,0.23,3.2,0.19
2025-12-01,1399.02,1396.02,1410.29,1390.02,27333,3961994999.0,1.45,-0.18,-2.5,0.22
2025-12-02,1396.02,1384.05,1399.94,1383.04,25047,3607543825.0,1.21,-0.86,-11.97,0.2
2025-12-03,1383.83,1377.12,1383.99,1376.02,23573,3370080066.0,0.58,-0.5,-6.93,0.19
2025-12-04,1377.12,1372.0,1380.52,1366.4,29075,4134921902.0,1.03,-0.37,-5.12,0.23
2025-12-05,1372.0,1378.03,1381.11,1367.52,25402,3622681597.0,0.99,0.44,6.03,0.2
2025-12-08,1377.22,1366.24,1384.69,1366.02,33603,4789155770.0,1.35,-0.86,-11.79,0.27
2025-12-09,1366.25,1349.03,1369.02,1348.07,42634,5995722121.0,1.53,-1.26,-17.21,0.34
2025-12-10,1348.02,1350.82,1350.82,1331.2,33133,4625906139.0,1.45,0.13,1.79,0.26
2025-12-11,1354.68,1360.01,1360.01,1349.57,22385,3149974074.0,0.77,0.68,9.19,0.18
2025-12-12,1366.02,1368.67,1373.02,1361.59,37159,5273563274.0,0.84,0.64,8.66,0.3
2025-12-15,1387.61,1374.02,1388.01,1373.59,33359,4774362060.0,1.05,0.39,5.35,0.27
2025-12-16,1374.22,1370.02,1376.8,1363.02,23964,3403139194.0,1.0,-0.29,-4.0,0.19
2025-12-17,1373.02,1381.12,1387.96,1365.7,31382,4489482138.0,1.62,0.81,11.1,0.25
2025-12-18,1381.52,1379.02,1386.9,1374.13,17830,2551177659.0,0.92,-0.15,-2.1,0.14
2025-12-19,1381.98,1381.98,1384.43,1372.99,26509,3733028357.0,0.83,0.21,2.96,0.21
2025-12-22,1381.98,1380.24,1386.12,1378.56,20426,2881636856.0,0.55,-0.13,-1.74,0.16
2025-12-23,1380.24,1379.84,1384.91,1369.17,24507,3445377032.0,1.14,-0.03,-0.4,0.2
2025-12-24,1376.97,1372.88,1378.34,1371.98,25187,3533253565.0,0.46,-0.5,-6.96,0.2
2025-12-25,1376.98,1386.15,1391.46,1373.36,23386,3299572096.0,1.32,0.97,13.27,0.19
2025-12-26,1386.15,1386.11,1391.12,1381.98,17803,2520605635.0,0.66,0.0,-0.04,0.14
2025-12-29,1386.11,1373.98,1386.11,1372.98,26308,3694660107.0,0.95,-0.88,-12.13,0.21
2025-12-30,1372.98,1361.7,1373.88,1357.98,33792,4702489813.0,1.16,-0.89,-12.28,0.27
2025-12-31,1361.98,1349.16,1365.98,1349.15,34766,4799456452.0,1.24,-0.92,-12.54,0.28
2026-01-05,1356.98,1397.98,1403.86,1356.98,70949,10018086372.0,3.47,3.62,48.82,0.57
2026-01-06,1404.53,1399.99,1408.95,1388.51,39586,5649710153.0,1.46,0.14,2.01,0.32
2026-01-07,1404.86,1395.34,1406.98,1392.18,29684,4234255286.0,1.06,-0.33,-4.65,0.24
2026-01-08,1395.31,1384.28,1395.34,1380.12,29135,4117925041.0,1.09,-0.79,-11.06,0.23
2026-01-09,1388.98,1391.08,1400.58,1387.99,29848,4243865418.0,0.91,0.49,6.8,0.24
2026-01-12,1391.08,1395.21,1402.98,1389.08,36083,5135636033.0,1.0,0.3,4.13,0.29
2026-01-13,1398.77,1382.98,1401.5,1380.97,39169,5555633779.0,1.47,-0.88,-12.23,0.31
2026-01-14,1382.98,1369.99,1394.23,1368.16,51758,7285041159.0,1.89,-0.94,-12.99,0.41
2026-01-15,1368.0,1360.87,1374.81,1360.56,40907,5698739671.0,1.04,-0.67,-9.12,0.33
2026-01-16,1366.98,1353.98,1369.48,1351.98,55121,7643061998.0,1.29,-0.51,-6.89,0.44
2026-01-19,1353.88,1347.98,1359.47,1346.98,42286,5833745442.0,0.92,-0.44,-6.0,0.34
2026-01-20,1351.48,1345.53,1353.56,1344.03,36484,5021900765.0,0.71,-0.18,-2.45,0.29
2026-01-21,1345.54,1323.04,1346.38,1321.98,64516,8775880803.0,1.81,-1.67,-22.49,0.52
2026-01-22,1323.99,1312.04,1333.74,1309.46,59011,7962441434.0,1.84,-0.83,-11.0,0.47
2026-01-23,1312.08,1308.98,1319.98,1304.45,61949,8301311489.0,1.18,-0.23,-3.06,0.49
2026-01-26,1312.49,1313.98,1326.98,1297.1,80166,10751225525.0,2.28,0.38,5.0,0.64
2026-01-27,1316.96,1314.99,1325.68,1309.98,48416,6514513216.0,1.19,0.08,1.01,0.39
2026-01-28,1315.02,1295.67,1318.69,1293.99,76218,10135019524.0,1.88,-1.47,-19.32,0.61
2026-01-29,1306.98,1409.7,1416.98,1301.04,189534,26305591086.0,8.95,8.8,114.03,1.51
2026-01-30,1406.98,1372.98,1406.98,1372.98,94480,13366329414.0,2.41,-2.6,-36.72,0.75
2026-02-02,1396.98,1398.98,1430.56,1383.6,85724,12312646443.0,3.42,1.89,26.0,0.68
2026-02-03,1416.98,1446.9,1448.79,1415.01,86321,12628439703.0,2.41,3.43,47.92,0.69
2026-02-04,1456.98,1496.98,1505.25,1445.98,109123,16444345980.0,4.1,3.46,50.08,0.87
2026-02-05,1491.98,1526.98,1536.98,1486.98,91623,14183456476.0,3.34,2.0,30.0,0.73
2026-02-06,1526.98,1486.99,1539.98,1477.86,78965,12019878669.0,4.07,-2.62,-39.99,0.63
2026-02-09,1489.98,1496.94,1514.86,1485.47,51168,7809067705.0,1.98,0.67,9.95,0.41
2026-02-10,1496.95,1476.78,1496.95,1468.48,39576,5953269321.0,1.9,-1.35,-20.16,0.32
2026-02-11,1476.78,1476.31,1485.98,1467.98,30928,4648360030.0,1.22,-0.03,-0.47,0.25
2026-02-12,1472.18,1458.58,1474.8,1445.34,46246,6874370113.0,2.0,-1.2,-17.73,0.37
2026-02-13,1458.58,1457.28,1479.78,1442.56,41679,6216379203.0,2.55,-0.09,-1.3,0.33
2026-02-24,1492.98,1438.78,1496.38,1435.58,41913,6198840572.0,4.17,-1.27,-18.5,0.33
2026-02-25,1441.98,1463.64,1481.64,1439.86,36881,5490316149.0,2.9,1.73,24.86,0.29
2026-02-26,1458.58,1438.19,1461.47,1436.65,32958,4855471430.0,1.7,-1.74,-25.45,0.26
2026-02-27,1438.97,1427.0,1448.19,1427.0,32160,4697692477.0,1.47,-0.78,-11.19,0.26
2026-03-02,1421.98,1412.09,1428.98,1408.64,35454,5115063511.0,1.43,-1.04,-14.91,0.28
2026-03-03,1412.08,1398.17,1424.85,1394.11,45891,6565381648.0,2.18,-0.99,-13.92,0.37
2026-03-04,1386.98,1373.16,1394.98,1364.07,48014,6743267103.0,2.21,-1.79,-25.01,0.38
2026-03-05,1377.98,1371.02,1384.94,1366.98,30505,4276226062.0,1.31,-0.16,-2.14,0.24
2026-03-06,1366.98,1373.98,1379.48,1359.98,29154,4072328833.0,1.42,0.22,2.96,0.23
2026-03-09,1361.98,1368.98,1376.88,1355.18,37442,5220095639.0,1.58,-0.36,-5.0,0.3
2026-03-10,1376.88,1373.86,1381.47,1369.98,24626,3457808916.0,0.84,0.36,4.88,0.2
2026-03-11,1374.97,1371.98,1377.97,1370.0,24457,3425363892.0,0.58,-0.14,-1.88,0.2
2026-03-12,1366.98,1363.98,1375.93,1362.99,27586,3850521717.0,0.94,-0.58,-8.0,0.22
2026-03-13,1364.46,1385.62,1389.6,1363.98,33608,4738808558.0,1.88,1.59,21.64,0.27
2026-03-16,1391.98,1432.16,1437.98,1391.98,60086,8711525836.0,3.32,3.36,46.54,0.48
2026-03-17,1439.98,1456.98,1470.05,1433.17,49454,7347310632.0,2.58,1.73,24.82,0.39
2026-03-18,1460.98,1440.78,1468.48,1435.13,35551,5239992522.0,2.29,-1.11,-16.2,0.28
2026-03-19,1444.94,1424.85,1444.98,1417.98,30319,4404953481.0,1.87,-1.11,-15.93,0.24
2026-03-20,1424.94,1416.98,1434.48,1410.98,26132,3782818260.0,1.65,-0.55,-7.87,0.21
2026-03-23,1405.31,1380.05,1406.98,1372.01,47256,6669708665.0,2.47,-2.61,-36.93,0.38
2026-03-24,1387.98,1379.31,1389.57,1372.16,28562,4017694387.0,1.26,-0.05,-0.74,0.23
2026-03-25,1382.09,1382.25,1389.85,1372.99,26093,3677905549.0,1.22,0.21,2.94,0.21
2026-03-26,1380.98,1373.16,1385.88,1372.28,23093,3243387502.0,0.98,-0.66,-9.09,0.18
2026-03-27,1371.98,1388.0,1397.98,1368.64,30087,4257499781.0,2.14,1.08,14.84,0.24
2026-03-30,1378.98,1391.98,1402.98,1374.5,28685,4060684934.0,2.05,0.29,3.98,0.23
2026-03-31,1439.98,1421.98,1451.91,1420.39,61691,9015486797.0,2.26,2.16,30.0,0.49
2026-04-01,1436.47,1431.42,1441.97,1424.86,29125,4256185472.0,1.2,0.66,9.44,0.23
2026-04-02,1431.42,1431.86,1436.86,1424.08,21064,3071809846.0,0.89,0.03,0.44,0.17
2026-04-03,1431.52,1431.98,1441.94,1426.98,20194,2953993081.0,1.04,0.01,0.12,0.16
2026-04-07,1432.03,1412.0,1441.98,1407.03,24152,3507471653.0,2.44,-1.4,-19.98,0.19
2026-04-08,1431.98,1437.0,1441.06,1424.11,33836,4947937007.0,1.2,1.77,25.0,0.27
2026-04-09,1437.0,1432.47,1437.0,1419.48,20705,3012278579.0,1.22,-0.32,-4.53,0.17
2026-04-10,1431.12,1425.94,1431.69,1413.08,28866,4187181529.0,1.3,-0.46,-6.53,0.23
2026-04-13,1415.98,1415.29,1418.48,1404.98,25214,3629675490.0,0.95,-0.75,-10.65,0.2
2026-04-14,1414.58,1418.88,1420.58,1406.98,24233,3492544230.0,0.96,0.25,3.59,0.19
2026-04-15,1416.96,1439.48,1442.77,1413.98,34553,5049317187.0,2.03,1.45,20.6,0.28
2026-04-16,1439.43,1434.82,1449.39,1431.98,24513,3597294838.0,1.21,-0.32,-4.66,0.2
2026-04-17,1371.98,1379.22,1392.98,1371.85,96825,13631929446.0,1.47,-3.88,-55.6,0.77
2026-04-20,1374.98,1382.87,1385.92,1371.98,36451,5127146041.0,1.01,0.26,3.65,0.29
2026-04-21,1382.98,1383.99,1391.88,1381.98,21754,3074595192.0,0.72,0.08,1.12,0.17
2026-04-22,1386.98,1381.48,1390.98,1376.96,26916,3793827534.0,1.01,-0.18,-2.51,0.21
2026-04-23,1379.98,1390.98,1391.68,1377.08,37701,5332831151.0,1.06,0.69,9.5,0.3
2026-04-24,1385.08,1430.47,1430.86,1385.08,55455,8003410999.0,3.29,2.84,39.49,0.44
2026-04-27,1391.98,1375.18,1391.98,1374.18,72798,10239763452.0,1.24,-3.87,-55.29,0.58
2026-04-28,1373.98,1376.98,1381.37,1372.09,34004,4772513712.0,0.67,0.13,1.8,0.27
2026-04-29,1376.98,1373.15,1381.73,1372.26,34813,4881691348.0,0.69,-0.28,-3.83,0.28
2026-04-30,1371.98,1356.77,1373.15,1351.98,52753,7316111748.0,1.54,-1.19,-16.38,0.42
2026-05-06,1337.08,1346.98,1350.98,1332.03,47806,6550750940.0,1.4,-0.72,-9.79,0.38
2026-05-07,1346.98,1343.03,1359.98,1341.99,40461,5573286315.0,1.34,-0.29,-3.95,0.32
2026-05-08,1343.64,1344.97,1354.75,1341.98,33369,4582855939.0,0.95,0.14,1.94,0.27
2026-05-11,1344.87,1333.31,1344.87,1332.98,57135,7790721392.0,0.88,-0.87,-11.66,0.46
2026-05-12,1333.98,1326.53,1335.56,1322.48,50837,6886304982.0,0.98,-0.51,-6.78,0.41
2026-05-13,1326.48,1316.07,1330.58,1309.98,56968,7653257144.0,1.55,-0.79,-10.46,0.45
2026-05-14,1309.98,1314.15,1341.04,1307.16,55244,7428592859.0,2.57,-0.15,-1.92,0.44
2026-05-15,1307.13,1304.93,1311.26,1299.09,58184,7749366540.0,0.93,-0.7,-9.22,0.46
2026-05-18,1307.98,1294.98,1314.66,1291.59,49661,6594983723.0,1.77,-0.76,-9.95,0.4
2026-05-19,1293.88,1296.28,1301.97,1289.98,43255,5719170335.0,0.93,0.1,1.3,0.35
2026-05-20,1292.98,1286.98,1304.97,1285.98,47487,6271273748.0,1.46,-0.72,-9.3,0.38
2026-05-21,1284.96,1282.98,1295.5,1282.98,38868,5112740391.0,0.97,-0.31,-4.0,0.31
2026-05-22,1282.93,1262.18,1283.89,1262.1,49157,6372389482.0,1.7,-1.62,-20.8,0.39
2026-05-25,1258.98,1257.86,1276.77,1248.98,46353,5978725158.0,2.2,-0.34,-4.32,0.37
2026-05-26,1257.33,1245.36,1261.87,1241.99,45932,5867830633.0,1.58,-0.99,-12.5,0.37
2026-05-27,1240.0,1274.98,1290.98,1222.08,82728,10586574902.0,5.53,2.38,29.62,0.66
2026-05-28,1261.98,1247.96,1275.98,1242.98,45890,5895475019.0,2.59,-2.12,-27.02,0.37
2026-05-29,1242.58,1297.98,1300.98,1241.98,76478,10037388211.0,4.73,4.01,50.02,0.61
2026-06-01,1298.98,1281.58,1298.98,1273.29,43845,5741133268.0,1.98,-1.26,-16.4,0.35
2026-06-02,1277.98,1279.2,1298.34,1272.98,36362,4769963104.0,1.98,-0.19,-2.38,0.29
2026-06-03,1275.98,1253.89,1275.98,1247.98,52477,6743202681.0,2.19,-1.98,-25.31,0.42
2026-06-04,1250.97,1239.98,1260.97,1238.67,33506,4273269325.0,1.78,-1.11,-13.91,0.27
2026-06-05,1249.98,1244.84,1254.98,1239.72,31304,3984001862.0,1.23,0.39,4.86,0.25
2026-06-08,1243.98,1234.96,1249.98,1231.98,30828,3898027116.0,1.45,-0.79,-9.88,0.25
2026-06-09,1234.97,1227.98,1234.98,1224.53,27860,3500590715.0,0.85,-0.57,-6.98,0.22
2026-06-10,1224.06,1247.86,1253.98,1222.19,39244,4991686419.0,2.59,1.62,19.88,0.31
2026-06-11,1244.1,1250.98,1254.86,1238.89,25352,3230008220.0,1.28,0.25,3.12,0.2
2026-06-12,1243.16,1263.89,1266.98,1236.99,50495,6477910214.0,2.4,1.03,12.91,0.4
2026-06-15,1264.68,1243.08,1264.68,1242.08,41586,5303656129.0,1.79,-1.65,-20.81,0.33
2026-06-16,1238.99,1227.65,1239.86,1226.98,34970,4399957625.0,1.04,-1.24,-15.43,0.28
2026-06-17,1229.98,1211.98,1231.75,1210.54,44803,5581256291.0,1.73,-1.28,-15.67,0.36
2026-06-18,1206.98,1186.98,1210.85,1183.2,57472,7016713941.0,2.28,-2.06,-25.0,0.46
2026-06-22,1186.29,1213.39,1224.78,1176.98,58251,7163236298.0,4.03,2.22,26.41,0.47
2026-06-23,1210.98,1194.43,1235.98,1188.98,58004,7179745911.0,3.87,-1.56,-18.96,0.46
2026-06-24,1194.63,1179.66,1213.85,1179.49,45335,5516574460.0,2.88,-1.24,-14.77,0.36
2026-06-25,1178.98,1184.08,1198.98,1171.98,48446,5860481755.0,2.29,0.37,4.42,0.39
2026-06-26,1199.0,1168.63,1199.0,1168.1,50066,5922014054.0,2.61,-1.3,-15.45,0.4
2026-06-29,1169.0,1194.96,1215.0,1151.01,66878,7949237761.0,5.48,2.25,26.33,0.53
2026-06-30,1187.0,1185.49,1195.67,1176.0,39608,4684236159.0,1.65,-0.79,-9.47,0.32
